email_id,date,age,gender,content_type_primary,usage_time_10_2,num_sessions_night,max_continuous_usage,reels_usage_time,phone_pickups_after_10,lose_track_of_time,cannot_stop_scrolling,unplanned_usage,sleep_time,wake_up_time,daily_stress_level,overthinking_at_night,sleep_latency,night_awakenings,sleep_quality,insomnia_label
priyashah768@gmail.com,2026-03-15,18,female,Educational/Entertainment,01:01,12,00:38,00:25,25,1,1,1,23:47,06:29,3,1,00:08,0,4,0
karangupta@gmail.com,2026-03-15,20,female,Educational,02:39,11,01:32,00:53,16,5,1,1,22:02,06:53,3,3,00:45,2,2,1
vikasshah871@gmail.com,2026-03-15,21,female,Entertainment,02:40,10,00:37,00:34,5,2,4,4,00:44,07:45,5,5,00:57,2,2,1
karanreddy6@gmail.com,2026-03-15,24,male,Entertainment,02:51,15,02:39,02:00,17,4,4,4,23:33,05:49,4,5,00:59,4,2,1
vikassharma@gmail.com,2026-03-15,30,male,Motivational,00:35,13,00:11,00:11,22,1,4,3,23:54,06:18,2,1,00:13,0,5,0
anjalisolanki@gmail.com,2026-03-15,20,male,Entertainment,02:54,7,01:38,00:35,25,1,3,3,02:47,09:12,4,3,00:53,3,2,1
adityasharma1@gmail.com,2026-03-15,45,female,Emotional/Drama,01:08,15,00:05,00:05,25,2,3,4,00:39,07:55,3,2,00:05,0,4,0
anjalisolanki@gmail.com,2026-03-15,55,female,Mixed,01:39,6,01:13,00:27,7,5,3,1,00:52,06:09,1,1,00:09,0,3,0
karandesai@gmail.com,2026-03-15,30,male,Motivational,02:25,8,02:13,01:48,6,1,2,3,23:53,05:50,4,5,00:50,2,2,1
kavitashaikh993@gmail.com,2026-03-15,50,male,Emotional/Drama,01:30,7,00:48,00:38,22,4,2,3,00:48,07:35,1,1,00:13,1,4,0
nehashaikh@gmail.com,2026-03-15,40,male,Motivational,02:15,13,00:06,00:05,20,5,2,2,22:44,09:38,3,4,00:58,2,1,1
anjalireddy@gmail.com,2026-03-15,19,female,Educational,02:30,10,01:48,00:45,18,2,1,2,22:11,07:20,5,5,00:44,3,2,1
anjalishah911@gmail.com,2026-03-15,35,female,Entertainment,01:19,13,01:01,00:49,12,4,4,5,02:42,06:11,3,1,00:20,0,5,0
amitprasad@gmail.com,2026-03-15,23,male,Educational,01:18,4,00:16,00:09,25,4,3,5,00:19,07:01,3,1,00:05,0,3,0
poojajoshi@gmail.com,2026-03-15,22,female,Entertainment,00:27,15,00:10,00:07,4,3,1,3,00:31,05:37,1,3,00:12,1,5,0
arjunsingh@gmail.com,2026-03-15,22,female,Educational,01:01,13,00:44,00:16,9,1,1,1,22:58,05:45,2,2,00:19,1,4,0
priyasoni9@gmail.com,2026-03-15,55,female,Emotional/Drama,01:49,6,00:18,00:10,4,3,2,2,23:49,05:00,3,3,00:22,1,4,0
adityapatil@gmail.com,2026-03-15,35,male,Motivational,00:58,2,00:11,00:07,17,5,3,2,22:02,08:06,2,3,00:21,1,3,0
nehapatil@gmail.com,2026-03-15,30,female,Motivational,01:45,5,01:26,01:26,25,4,3,5,01:12,08:41,3,1,00:13,0,4,1
snehasharma5@gmail.com,2026-03-15,25,female,Educational,00:36,15,00:19,00:07,13,4,3,3,23:06,08:11,1,1,00:12,1,3,0
vikassingh474@gmail.com,2026-03-15,45,female,Emotional/Drama,02:38,2,01:12,00:58,13,5,4,1,23:09,09:16,4,4,00:31,4,1,1
vikaspatel2@gmail.com,2026-03-15,20,male,Entertainment,00:47,9,00:14,00:13,4,1,3,5,23:03,07:51,2,2,00:09,0,5,0
anjalipatel9@gmail.com,2026-03-15,23,male,Educational,02:41,8,00:55,00:18,24,2,3,2,01:39,06:03,4,4,00:46,3,2,1
rahulprasad3@gmail.com,2026-03-15,45,female,Emotional/Drama,02:19,4,01:58,01:31,13,5,3,1,01:27,05:13,4,3,00:57,3,1,1
vikassingh@gmail.com,2026-03-15,19,male,Educational,01:49,11,01:09,01:05,24,2,1,1,00:06,08:02,1,2,00:23,1,5,0
vikasmehta965@gmail.com,2026-03-15,30,female,Entertainment,00:45,4,00:17,00:10,7,1,2,3,01:57,07:10,1,1,00:07,0,4,1
amitgupta558@gmail.com,2026-03-15,24,male,Entertainment,01:15,7,00:44,00:12,3,4,5,4,23:51,09:12,3,2,00:12,1,3,0
tanvijoshi997@gmail.com,2026-03-15,25,female,Entertainment,00:21,8,00:08,00:06,5,2,4,2,01:56,05:39,3,3,00:13,0,4,0
anjaliprasad@gmail.com,2026-03-15,24,female,Educational,01:52,15,01:32,00:59,8,4,5,5,23:34,05:13,1,3,00:24,0,5,0
adityashah3@gmail.com,2026-03-15,23,male,Educational,00:37,8,00:06,00:05,14,3,4,4,02:21,05:50,2,3,00:22,1,4,0
karanshaikh@gmail.com,2026-03-15,25,male,Educational,01:59,9,00:24,00:22,24,4,2,2,02:28,07:14,3,1,00:16,1,5,0
priyagupta659@gmail.com,2026-03-15,50,male,Emotional/Drama,02:23,6,01:31,00:49,14,3,1,5,00:12,09:16,5,4,01:00,2,2,0
rohitpatel85@gmail.com,2026-03-15,18,male,Entertainment,02:14,5,01:15,00:44,6,1,5,4,23:53,06:45,3,3,00:38,2,2,0
karanpatel@gmail.com,2026-03-15,40,male,Mixed,01:23,5,00:37,00:10,9,4,5,2,22:20,06:21,2,2,00:16,0,3,0
rahulsharma1@gmail.com,2026-03-15,23,male,Entertainment,01:10,9,00:27,00:26,6,4,2,2,02:42,05:38,1,3,00:16,0,5,0
kavitapatel9@gmail.com,2026-03-15,35,female,Motivational,02:55,10,02:19,00:41,11,5,5,5,01:56,08:30,4,3,00:33,2,2,0
priyagupta9@gmail.com,2026-03-15,23,male,Educational/Entertainment,02:47,4,00:16,00:07,23,4,3,1,01:31,07:51,4,5,00:50,3,2,1
adityagupta5@gmail.com,2026-03-15,21,female,Educational,00:36,13,00:07,00:07,6,2,3,5,02:33,08:19,1,1,00:15,0,4,0
vikasdesai@gmail.com,2026-03-15,50,female,Motivational,01:39,11,00:26,00:06,23,2,3,2,00:26,09:02,3,2,00:17,1,3,0
kavitadesai@gmail.com,2026-03-15,19,female,Educational,00:45,8,00:10,00:06,19,5,1,2,02:28,06:10,1,2,00:11,1,3,0
rahulsingh749@gmail.com,2026-03-15,22,male,Entertainment,02:32,4,00:34,00:22,16,2,5,1,02:26,08:28,4,4,00:33,4,1,1
nehasharma3@gmail.com,2026-03-15,50,male,Emotional/Drama,01:22,4,00:17,00:14,9,3,5,4,00:11,09:20,2,1,00:18,0,5,0
adityareddy369@gmail.com,2026-03-15,50,female,Motivational,00:24,13,00:12,00:11,23,4,4,2,22:34,08:17,2,3,00:15,0,4,0
priyapatel@gmail.com,2026-03-15,45,male,Motivational,02:35,3,01:40,01:25,15,5,4,2,23:37,07:26,4,4,00:58,2,1,1
karanshah@gmail.com,2026-03-15,22,male,Educational/Entertainment,02:44,7,02:25,02:03,10,5,1,3,01:38,07:39,5,4,00:58,4,2,1
tanvipatil4@gmail.com,2026-03-15,20,female,Entertainment,02:23,15,00:37,00:12,20,4,3,1,02:16,06:53,3,5,00:39,3,2,1
poojadesai6@gmail.com,2026-03-15,18,female,Educational,02:32,5,01:24,01:18,4,3,2,5,01:44,08:05,4,5,00:36,3,2,1
anjalireddy@gmail.com,2026-03-15,35,female,Mixed,02:08,4,00:51,00:40,7,1,1,3,01:07,08:47,4,4,00:35,3,2,1
nehapatel3@gmail.com,2026-03-15,20,female,Educational,01:48,8,01:01,00:44,22,1,5,4,00:40,09:17,2,2,00:08,0,4,0
karanshaikh@gmail.com,2026-03-15,55,female,Emotional/Drama,01:56,13,00:30,00:30,7,4,2,5,23:32,09:31,3,2,00:08,1,3,1
priyaprasad@gmail.com,2026-03-15,25,female,Educational,02:06,14,00:08,00:08,6,4,5,2,02:46,07:36,4,4,00:31,4,1,1
kavitareddy8@gmail.com,2026-03-15,22,female,Educational,01:17,8,01:00,00:28,18,1,1,2,00:32,05:10,3,2,00:09,0,3,0
tanvishah9@gmail.com,2026-03-15,22,male,Entertainment,00:23,8,00:08,00:06,9,1,1,3,02:44,08:29,3,1,00:19,0,5,0
anjalireddy718@gmail.com,2026-03-15,50,female,Emotional/Drama,01:58,8,01:04,00:16,5,2,1,3,22:53,06:01,3,3,00:15,0,3,0
vikasdesai1@gmail.com,2026-03-15,22,female,Educational/Entertainment,02:48,4,00:34,00:18,14,4,5,1,00:08,08:26,3,4,00:56,4,1,1
rohitsharma@gmail.com,2026-03-15,24,female,Entertainment,02:08,12,01:03,00:25,3,2,2,2,02:20,08:20,4,3,00:35,3,2,1
karanpatel@gmail.com,2026-03-15,45,female,Mixed,02:45,2,01:40,01:20,14,3,1,1,02:06,07:42,5,5,00:36,3,2,1
karanjoshi7@gmail.com,2026-03-15,23,male,Entertainment,01:15,6,00:34,00:21,14,1,3,4,02:50,05:15,1,1,00:25,1,4,0
karansharma@gmail.com,2026-03-15,55,male,Motivational,01:51,6,00:32,00:13,23,4,2,3,00:00,07:26,3,1,00:25,1,5,0
priyasingh4@gmail.com,2026-03-15,18,male,Entertainment,02:49,10,01:41,00:48,16,4,3,1,01:32,09:27,4,3,00:47,4,1,1
nehapatel4@gmail.com,2026-03-15,30,female,Mixed,02:02,3,01:28,00:16,20,4,4,2,23:35,06:06,5,5,00:34,3,2,1
anjalisoni146@gmail.com,2026-03-15,21,male,Educational/Entertainment,01:26,10,01:08,00:27,14,2,3,1,01:57,09:10,3,3,00:06,0,3,0
amitshah8@gmail.com,2026-03-15,23,male,Entertainment,00:28,8,00:09,00:07,14,2,1,3,23:13,08:52,2,3,00:23,1,4,0
anjalipatel4@gmail.com,2026-03-15,18,male,Entertainment,00:35,4,00:09,00:08,18,1,2,4,01:29,07:31,1,2,00:16,1,5,0
tanvisingh4@gmail.com,2026-03-15,24,female,Educational,02:06,8,00:17,00:16,25,5,1,4,00:52,07:22,5,3,00:33,3,1,1
vikasreddy@gmail.com,2026-03-15,24,male,Entertainment,02:04,15,00:18,00:12,12,1,3,3,02:04,06:01,5,3,00:45,2,1,1
nehagupta@gmail.com,2026-03-15,24,male,Educational,00:55,10,00:41,00:33,21,2,2,3,02:49,05:26,3,1,00:12,1,4,0
priyashaikh6@gmail.com,2026-03-15,30,female,Entertainment,02:56,15,02:25,02:08,6,1,5,4,00:21,09:33,3,5,00:33,4,1,1
adityaprasad2@gmail.com,2026-03-15,19,male,Educational/Entertainment,01:13,2,00:26,00:12,22,3,2,3,02:17,08:16,3,1,00:22,0,4,0
rahulshaikh504@gmail.com,2026-03-15,30,female,Motivational,01:09,14,00:37,00:29,21,3,4,2,02:25,07:22,3,2,00:25,0,5,0
rohitshah8@gmail.com,2026-03-15,50,male,Emotional/Drama,02:15,12,00:31,00:11,23,1,1,2,01:20,09:39,3,4,00:31,2,2,1
adityasoni843@gmail.com,2026-03-15,35,female,Motivational,01:40,10,01:00,00:22,25,5,2,2,23:58,08:52,1,1,00:06,0,5,0
priyapatel510@gmail.com,2026-03-15,25,female,Educational,01:56,8,00:25,00:25,18,2,4,5,02:29,05:56,3,2,00:20,0,3,0
rahulmehta@gmail.com,2026-03-15,21,female,Entertainment,01:02,15,00:22,00:07,7,3,4,5,00:23,05:12,3,3,00:23,1,5,0
tanvisoni@gmail.com,2026-03-15,30,male,Motivational,02:35,11,01:54,01:27,6,4,4,3,23:48,06:35,4,3,00:37,3,2,1
arjunjoshi987@gmail.com,2026-03-15,19,female,Entertainment,00:28,12,00:16,00:14,8,5,5,1,23:11,05:51,1,3,00:23,0,5,0
amitdesai419@gmail.com,2026-03-15,21,male,Entertainment,02:35,12,01:40,01:30,24,2,2,4,01:19,05:17,4,5,00:44,2,1,1
amitjoshi@gmail.com,2026-03-15,25,male,Entertainment,01:47,13,00:07,00:06,20,3,4,4,23:07,06:50,3,3,00:11,0,5,0
arjunsingh9@gmail.com,2026-03-15,20,female,Educational,02:22,14,01:19,00:10,10,3,1,5,02:52,05:30,4,5,00:32,3,1,1
priyagupta393@gmail.com,2026-03-15,35,female,Entertainment,00:40,2,00:16,00:12,25,2,4,1,02:18,08:04,3,2,00:06,1,5,0
arjunpatel@gmail.com,2026-03-15,55,female,Mixed,01:26,3,00:18,00:07,5,4,1,2,23:51,09:52,3,2,00:21,0,4,0
karansharma@gmail.com,2026-03-15,55,male,Mixed,00:41,10,00:19,00:13,17,1,1,4,02:03,05:41,2,1,00:21,1,3,0
priyashah768@gmail.com,2026-03-16,18,female,Educational/Entertainment,01:15,15,01:04,00:59,24,1,5,1,22:28,06:28,2,2,00:12,1,5,0
karangupta@gmail.com,2026-03-16,20,female,Educational,02:09,3,01:24,00:20,17,2,5,5,01:56,07:42,3,5,00:34,3,1,1
vikasshah871@gmail.com,2026-03-16,21,female,Educational,01:20,5,00:05,00:05,3,3,3,2,23:11,06:20,1,2,00:22,0,4,0
karanreddy6@gmail.com,2026-03-16,24,male,Entertainment,02:49,6,02:12,01:47,10,2,3,3,02:53,07:12,4,5,00:48,3,2,1
vikassharma@gmail.com,2026-03-16,30,male,Motivational,00:59,9,00:17,00:05,11,4,1,3,02:43,09:26,3,1,00:17,0,5,0
anjalisolanki@gmail.com,2026-03-16,20,male,Educational/Entertainment,02:45,12,01:10,00:46,25,1,5,5,23:16,08:16,4,3,00:34,4,2,1
adityasharma1@gmail.com,2026-03-16,45,female,Motivational,01:05,8,00:48,00:21,8,5,3,4,00:31,08:46,3,3,00:25,1,5,0
anjalisolanki@gmail.com,2026-03-16,55,female,Mixed,02:50,7,00:31,00:12,24,5,4,1,00:17,05:17,3,4,00:37,4,1,1
karandesai@gmail.com,2026-03-16,30,male,Motivational,02:42,7,00:10,00:06,17,3,2,5,00:20,05:41,3,3,00:53,3,1,1
kavitashaikh993@gmail.com,2026-03-16,50,male,Mixed,01:13,7,00:44,00:42,21,4,4,4,00:20,08:41,3,1,00:19,1,4,0
nehashaikh@gmail.com,2026-03-16,40,male,Mixed,02:56,14,01:44,01:27,3,3,2,3,22:33,06:31,3,5,00:34,4,2,1
anjalireddy@gmail.com,2026-03-16,19,female,Entertainment,00:40,2,00:29,00:10,9,2,1,3,22:31,06:02,2,3,00:08,1,3,0
anjalishah911@gmail.com,2026-03-16,35,female,Motivational,02:57,8,00:12,00:06,9,1,1,5,22:05,09:52,4,3,00:32,3,1,1
amitprasad@gmail.com,2026-03-16,23,male,Educational,00:30,3,00:14,00:08,10,1,2,5,02:48,05:34,1,1,00:20,0,5,0
poojajoshi@gmail.com,2026-03-16,22,female,Educational/Entertainment,00:58,8,00:47,00:32,18,3,3,4,23:20,07:26,2,2,00:25,0,4,0
arjunsingh@gmail.com,2026-03-16,22,female,Educational/Entertainment,00:53,2,00:41,00:28,25,5,1,5,23:13,08:06,3,3,00:15,0,5,0
priyasoni9@gmail.com,2026-03-16,55,female,Mixed,00:43,3,00:31,00:18,18,2,2,4,01:18,08:32,1,2,00:17,1,4,0
adityapatil@gmail.com,2026-03-16,35,male,Motivational,02:20,3,00:50,00:23,4,2,1,5,00:59,08:15,5,3,00:45,4,2,1
nehapatil@gmail.com,2026-03-16,30,female,Mixed,02:47,7,01:01,00:56,19,2,1,5,23:12,09:55,4,5,00:59,2,1,1
snehasharma5@gmail.com,2026-03-16,25,female,Educational/Entertainment,00:51,5,00:15,00:05,23,3,1,1,01:00,08:51,2,2,00:09,1,5,0
vikassingh474@gmail.com,2026-03-16,45,female,Emotional/Drama,02:37,15,00:28,00:25,7,2,4,3,22:03,09:22,5,4,00:56,4,1,1
vikaspatel2@gmail.com,2026-03-16,20,male,Entertainment,02:42,6,00:07,00:06,15,5,3,4,22:04,08:19,4,3,00:39,4,2,1
anjalipatel9@gmail.com,2026-03-16,23,male,Entertainment,01:13,15,01:01,01:01,23,1,4,3,00:09,06:00,3,3,00:08,0,3,0
rahulprasad3@gmail.com,2026-03-16,45,female,Motivational,01:34,15,01:02,00:25,25,3,5,4,01:33,08:01,3,2,00:21,1,5,0
vikassingh@gmail.com,2026-03-16,19,male,Entertainment,02:20,10,00:47,00:39,21,3,3,1,22:26,07:22,5,5,00:39,3,2,1
vikasmehta965@gmail.com,2026-03-16,30,female,Motivational,02:25,7,01:10,00:35,10,5,1,4,02:39,08:38,5,4,00:46,3,2,1
amitgupta558@gmail.com,2026-03-16,24,male,Educational,01:41,9,00:46,00:34,6,5,5,4,22:09,06:53,1,2,00:19,0,3,0
tanvijoshi997@gmail.com,2026-03-16,25,female,Educational/Entertainment,01:49,6,01:29,00:16,15,1,1,3,01:58,08:04,2,1,00:14,1,5,0
anjaliprasad@gmail.com,2026-03-16,24,female,Educational,02:54,4,01:43,01:31,16,5,3,2,01:54,05:15,3,3,00:36,2,2,1
adityashah3@gmail.com,2026-03-16,23,male,Educational,02:27,12,01:00,00:10,4,2,3,3,01:56,06:26,4,4,00:37,4,2,1
karanshaikh@gmail.com,2026-03-16,25,male,Educational/Entertainment,02:06,9,00:15,00:15,6,1,2,3,23:53,06:28,4,4,00:30,3,1,1
priyagupta659@gmail.com,2026-03-16,50,male,Motivational,02:03,3,01:41,00:58,17,5,4,2,02:04,08:43,5,4,00:55,3,2,1
rohitpatel85@gmail.com,2026-03-16,18,male,Educational/Entertainment,02:27,11,01:56,01:50,23,5,4,5,23:35,06:27,4,4,00:36,2,2,1
karanpatel@gmail.com,2026-03-16,40,male,Mixed,01:06,9,00:09,00:08,15,1,3,3,22:39,07:36,1,1,00:17,0,3,0
rahulsharma1@gmail.com,2026-03-16,23,male,Educational,02:35,11,02:12,01:02,15,5,5,4,02:50,05:25,4,4,00:40,2,2,1
kavitapatel9@gmail.com,2026-03-16,35,female,Entertainment,02:51,13,00:17,00:17,11,1,5,2,23:42,08:20,4,4,00:43,3,2,1
priyagupta9@gmail.com,2026-03-16,23,male,Entertainment,01:57,13,01:00,00:43,9,5,3,2,00:58,05:43,2,2,00:17,0,3,0
adityagupta5@gmail.com,2026-03-16,21,female,Entertainment,01:42,10,01:14,00:23,3,1,2,3,02:19,06:07,3,2,00:20,1,5,0
vikasdesai@gmail.com,2026-03-16,50,female,Emotional/Drama,01:35,11,01:06,01:05,6,2,3,5,02:34,09:55,3,3,00:13,1,3,0
kavitadesai@gmail.com,2026-03-16,19,female,Educational,01:46,14,00:54,00:18,21,3,1,5,23:08,05:15,1,3,00:13,1,4,0
rahulsingh749@gmail.com,2026-03-16,22,male,Educational,02:30,2,02:04,00:32,4,5,1,3,23:40,05:54,3,5,00:52,2,1,1
nehasharma3@gmail.com,2026-03-16,50,male,Motivational,01:03,5,00:26,00:16,7,2,2,1,23:01,06:17,3,1,00:22,1,3,0
adityareddy369@gmail.com,2026-03-16,50,female,Mixed,00:36,9,00:18,00:15,6,2,5,4,23:54,08:08,3,3,00:08,1,5,0
priyapatel@gmail.com,2026-03-16,45,male,Motivational,02:53,12,01:49,01:33,23,3,5,2,02:28,09:29,4,3,00:34,4,1,1
karanshah@gmail.com,2026-03-16,22,male,Educational/Entertainment,02:29,7,02:15,02:00,21,5,5,3,02:40,07:03,5,5,00:44,3,1,1
tanvipatil4@gmail.com,2026-03-16,20,female,Educational/Entertainment,01:49,4,00:16,00:10,6,5,2,3,00:20,06:20,1,2,00:08,1,5,0
poojadesai6@gmail.com,2026-03-16,18,female,Entertainment,02:19,6,01:12,00:45,21,2,4,3,23:31,08:50,4,5,00:33,4,2,1
anjalireddy@gmail.com,2026-03-16,35,female,Motivational,01:00,9,00:11,00:11,12,5,4,4,01:51,05:09,3,2,00:14,0,5,0
nehapatel3@gmail.com,2026-03-16,20,female,Educational/Entertainment,02:28,13,00:51,00:10,23,5,1,2,00:02,08:36,5,3,00:54,2,2,1
karanshaikh@gmail.com,2026-03-16,55,female,Motivational,01:11,8,00:18,00:16,9,3,2,4,02:34,05:51,3,2,00:16,0,5,0
priyaprasad@gmail.com,2026-03-16,25,female,Entertainment,02:51,6,01:38,01:36,19,2,2,5,00:40,07:24,5,4,01:00,4,2,1
kavitareddy8@gmail.com,2026-03-16,22,female,Educational/Entertainment,03:00,3,02:11,00:06,21,1,1,5,00:16,07:42,5,4,01:00,2,1,1
tanvishah9@gmail.com,2026-03-16,22,male,Entertainment,00:41,8,00:14,00:08,3,2,5,4,23:38,05:59,3,3,00:14,0,3,0
anjalireddy718@gmail.com,2026-03-16,50,female,Mixed,01:38,8,00:44,00:08,12,5,3,4,00:39,07:54,1,3,00:23,1,5,0
vikasdesai1@gmail.com,2026-03-16,22,female,Educational,00:52,12,00:14,00:08,25,2,2,4,23:18,09:47,3,3,00:12,1,4,0
rohitsharma@gmail.com,2026-03-16,24,female,Educational/Entertainment,02:33,3,01:57,00:46,23,2,2,1,23:46,08:14,4,3,00:48,3,2,1
karanpatel@gmail.com,2026-03-16,45,female,Emotional/Drama,02:11,3,01:57,00:42,17,3,5,3,22:24,07:01,4,3,00:43,3,2,1
karanjoshi7@gmail.com,2026-03-16,23,male,Educational,02:49,5,00:36,00:17,3,4,3,5,22:10,05:23,5,4,00:36,4,2,1
karansharma@gmail.com,2026-03-16,55,male,Motivational,02:42,4,00:36,00:30,22,3,4,4,23:01,09:58,4,4,00:50,2,2,1
priyasingh4@gmail.com,2026-03-16,18,male,Educational/Entertainment,01:16,6,00:15,00:15,11,4,3,4,01:18,09:36,2,2,00:17,0,3,0
nehapatel4@gmail.com,2026-03-16,30,female,Entertainment,02:33,11,01:11,00:42,9,4,1,1,02:52,08:24,5,3,00:39,3,1,1
anjalisoni146@gmail.com,2026-03-16,21,male,Educational/Entertainment,00:20,8,00:05,00:05,5,1,4,1,22:48,05:49,1,1,00:08,1,3,0
amitshah8@gmail.com,2026-03-16,23,male,Educational,01:34,2,00:13,00:05,17,4,4,5,22:13,07:19,3,1,00:10,0,3,0
anjalipatel4@gmail.com,2026-03-16,18,male,Entertainment,02:36,12,00:25,00:24,7,3,3,3,00:10,06:04,3,3,00:36,3,1,1
tanvisingh4@gmail.com,2026-03-16,24,female,Educational,01:41,12,00:59,00:53,11,1,3,5,01:16,08:46,1,3,00:25,0,3,0
vikasreddy@gmail.com,2026-03-16,24,male,Educational,01:18,13,00:48,00:12,16,4,5,3,02:18,09:03,2,3,00:12,0,4,0
nehagupta@gmail.com,2026-03-16,24,male,Educational,00:42,12,00:12,00:05,17,5,1,4,01:58,07:48,2,3,00:16,1,4,0
priyashaikh6@gmail.com,2026-03-16,30,female,Mixed,01:13,12,00:45,00:11,24,3,2,2,23:58,09:32,1,3,00:21,1,3,0
adityaprasad2@gmail.com,2026-03-16,19,male,Educational,01:45,7,01:03,00:13,22,2,1,5,02:11,07:27,2,3,00:17,0,4,0
rahulshaikh504@gmail.com,2026-03-16,30,female,Mixed,02:23,7,01:00,00:05,8,5,5,2,23:41,07:15,5,4,00:47,2,2,1
rohitshah8@gmail.com,2026-03-16,50,male,Motivational,02:18,5,00:17,00:11,17,5,5,3,23:48,05:36,3,3,00:58,4,2,0
adityasoni843@gmail.com,2026-03-16,35,female,Entertainment,00:42,11,00:26,00:18,11,1,4,5,02:00,05:56,1,2,00:24,1,4,0
priyapatel510@gmail.com,2026-03-16,25,female,Educational,01:45,8,00:20,00:20,21,1,1,4,02:19,09:57,2,2,00:12,1,5,0
rahulmehta@gmail.com,2026-03-16,21,female,Educational,02:09,3,00:45,00:25,7,5,1,2,00:53,06:37,4,4,00:47,2,2,1
tanvisoni@gmail.com,2026-03-16,30,male,Entertainment,01:15,13,00:30,00:15,5,4,5,4,00:40,08:34,2,1,00:06,1,3,0
arjunjoshi987@gmail.com,2026-03-16,19,female,Educational,00:44,12,00:27,00:07,20,5,5,3,23:31,05:08,3,2,00:08,1,5,0
amitdesai419@gmail.com,2026-03-16,21,male,Educational/Entertainment,01:24,9,00:27,00:07,3,3,3,2,22:33,05:01,2,2,00:11,1,3,0
amitjoshi@gmail.com,2026-03-16,25,male,Educational,00:39,15,00:16,00:06,19,4,4,3,01:00,09:29,3,1,00:09,0,5,0
arjunsingh9@gmail.com,2026-03-16,20,female,Entertainment,01:33,3,00:33,00:23,5,2,2,2,23:39,05:16,1,3,00:19,0,3,0
priyagupta393@gmail.com,2026-03-16,35,female,Mixed,01:36,8,00:42,00:09,4,3,5,2,22:30,07:24,3,2,00:24,1,3,0
arjunpatel@gmail.com,2026-03-16,55,female,Emotional/Drama,02:07,2,00:19,00:05,8,3,5,3,22:59,09:44,5,3,00:32,2,2,1
karansharma@gmail.com,2026-03-16,55,male,Motivational,00:27,12,00:09,00:05,23,2,4,5,22:49,05:51,3,1,00:21,1,5,0
priyashah768@gmail.com,2026-03-17,18,female,Educational/Entertainment,02:03,15,00:23,00:09,18,5,1,2,02:09,08:12,5,3,00:41,4,2,1
karangupta@gmail.com,2026-03-17,20,female,Entertainment,00:47,9,00:31,00:22,22,2,2,5,23:39,06:57,1,3,00:14,0,3,0
vikasshah871@gmail.com,2026-03-17,21,female,Educational/Entertainment,01:10,6,00:06,00:05,6,3,2,5,00:07,05:06,2,1,00:25,1,5,0
karanreddy6@gmail.com,2026-03-17,24,male,Entertainment,01:29,9,01:17,01:01,16,2,4,1,02:29,05:59,1,3,00:10,1,5,0
vikassharma@gmail.com,2026-03-17,30,male,Motivational,02:28,11,01:23,00:42,7,2,2,5,23:54,06:36,4,3,00:57,2,2,1
anjalisolanki@gmail.com,2026-03-17,20,male,Entertainment,02:31,8,01:46,00:52,12,5,1,2,02:41,07:16,4,3,00:37,2,2,1
adityasharma1@gmail.com,2026-03-17,45,female,Mixed,00:46,7,00:35,00:08,25,3,1,4,23:58,06:17,1,3,00:17,1,3,0
anjalisolanki@gmail.com,2026-03-17,55,female,Motivational,01:15,13,00:19,00:16,25,4,5,2,22:55,07:22,3,3,00:08,1,5,1
karandesai@gmail.com,2026-03-17,30,male,Motivational,00:58,13,00:29,00:19,18,3,3,1,00:22,06:10,2,1,00:22,1,5,0
kavitashaikh993@gmail.com,2026-03-17,50,male,Motivational,02:58,9,00:50,00:24,14,2,4,4,22:17,08:45,3,3,01:00,3,1,0
nehashaikh@gmail.com,2026-03-17,40,male,Motivational,00:39,9,00:07,00:07,25,3,4,3,02:14,09:07,3,3,00:05,1,3,0
anjalireddy@gmail.com,2026-03-17,19,female,Educational/Entertainment,02:33,5,02:10,00:56,10,2,1,2,01:34,07:10,4,5,00:44,4,1,1
anjalishah911@gmail.com,2026-03-17,35,female,Mixed,02:17,12,00:38,00:33,25,5,2,1,02:24,05:50,5,5,00:51,2,2,1
amitprasad@gmail.com,2026-03-17,23,male,Entertainment,02:41,7,01:03,00:06,16,2,4,3,01:46,06:46,5,5,00:31,3,1,1
poojajoshi@gmail.com,2026-03-17,22,female,Entertainment,02:18,13,00:30,00:27,18,4,5,4,22:02,07:16,5,5,00:53,3,2,1
arjunsingh@gmail.com,2026-03-17,22,female,Educational,01:39,6,01:15,00:42,4,5,2,4,02:43,05:04,3,1,00:16,0,5,0
priyasoni9@gmail.com,2026-03-17,55,female,Motivational,01:15,14,00:29,00:22,3,2,5,2,22:19,08:12,3,2,00:18,0,3,0
adityapatil@gmail.com,2026-03-17,35,male,Mixed,01:50,13,00:28,00:07,17,1,4,2,00:16,07:29,3,2,00:19,1,3,0
nehapatil@gmail.com,2026-03-17,30,female,Mixed,02:38,15,01:08,00:49,23,2,3,3,02:00,06:07,3,5,00:52,3,1,1
snehasharma5@gmail.com,2026-03-17,25,female,Educational/Entertainment,01:11,15,00:32,00:29,21,1,3,1,01:08,06:56,2,3,00:20,1,4,0
vikassingh474@gmail.com,2026-03-17,45,female,Mixed,02:44,7,00:36,00:20,19,1,5,4,00:31,06:27,5,5,00:30,2,1,1
vikaspatel2@gmail.com,2026-03-17,20,male,Educational/Entertainment,02:36,2,00:13,00:08,25,1,5,2,02:48,05:17,3,4,00:31,4,2,1
anjalipatel9@gmail.com,2026-03-17,23,male,Educational/Entertainment,02:45,8,02:01,01:23,11,1,5,4,23:59,07:38,4,5,00:42,3,2,1
rahulprasad3@gmail.com,2026-03-17,45,female,Emotional/Drama,01:10,15,00:14,00:08,25,2,4,4,00:29,06:32,2,1,00:08,1,4,0
vikassingh@gmail.com,2026-03-17,19,male,Entertainment,01:20,10,00:12,00:09,19,4,2,3,22:09,09:12,2,2,00:11,1,5,0
vikasmehta965@gmail.com,2026-03-17,30,female,Entertainment,02:51,11,00:51,00:05,22,2,5,4,02:15,05:29,3,4,00:48,4,2,1
amitgupta558@gmail.com,2026-03-17,24,male,Educational,00:25,10,00:11,00:11,25,5,1,4,00:59,06:03,1,2,00:14,0,5,0
tanvijoshi997@gmail.com,2026-03-17,25,female,Educational/Entertainment,01:32,4,00:16,00:09,14,3,2,3,02:44,09:13,3,1,00:09,1,4,0
anjaliprasad@gmail.com,2026-03-17,24,female,Educational/Entertainment,03:00,14,00:56,00:47,17,3,5,4,02:23,07:36,3,5,00:43,3,2,1
adityashah3@gmail.com,2026-03-17,23,male,Educational/Entertainment,01:53,2,00:31,00:12,12,1,5,5,22:17,05:52,1,1,00:05,0,5,0
karanshaikh@gmail.com,2026-03-17,25,male,Educational/Entertainment,03:00,10,00:44,00:31,13,2,2,5,22:48,07:39,4,4,00:47,2,1,1
priyagupta659@gmail.com,2026-03-17,50,male,Mixed,02:34,13,01:03,00:06,14,3,4,1,02:27,05:16,5,4,00:49,2,2,1
rohitpatel85@gmail.com,2026-03-17,18,male,Entertainment,00:53,5,00:15,00:06,19,3,3,1,00:11,08:38,1,2,00:24,1,4,0
karanpatel@gmail.com,2026-03-17,40,male,Entertainment,00:29,12,00:06,00:05,7,1,1,1,02:45,08:54,3,1,00:12,1,4,0
rahulsharma1@gmail.com,2026-03-17,23,male,Educational,02:19,6,01:08,00:44,8,5,2,2,01:37,09:44,5,4,00:47,3,1,1
kavitapatel9@gmail.com,2026-03-17,35,female,Mixed,02:02,9,00:16,00:11,25,4,4,5,23:30,07:38,5,5,00:47,3,2,1
priyagupta9@gmail.com,2026-03-17,23,male,Educational,02:31,14,00:09,00:09,12,4,5,1,22:57,08:08,3,5,00:40,2,2,1
adityagupta5@gmail.com,2026-03-17,21,female,Educational,01:06,11,00:51,00:40,5,2,5,3,01:52,09:11,1,1,00:22,0,5,0
vikasdesai@gmail.com,2026-03-17,50,female,Mixed,01:49,9,01:31,00:37,21,5,1,2,22:42,07:11,1,1,00:14,0,5,0
kavitadesai@gmail.com,2026-03-17,19,female,Entertainment,01:46,9,01:20,00:35,23,4,5,5,00:16,07:16,2,1,00:08,1,4,0
rahulsingh749@gmail.com,2026-03-17,22,male,Educational/Entertainment,01:40,15,00:18,00:15,18,1,4,1,02:44,09:28,3,3,00:20,0,4,0
nehasharma3@gmail.com,2026-03-17,50,male,Mixed,00:57,6,00:38,00:26,17,3,2,1,22:42,08:08,1,3,00:12,1,5,0
adityareddy369@gmail.com,2026-03-17,50,female,Mixed,02:19,3,01:21,00:10,13,1,5,5,01:22,07:52,4,3,00:52,4,1,1
priyapatel@gmail.com,2026-03-17,45,male,Motivational,01:20,5,00:24,00:21,12,4,1,3,02:21,05:41,3,3,00:10,1,3,0
karanshah@gmail.com,2026-03-17,22,male,Entertainment,00:53,13,00:17,00:09,23,1,5,4,02:03,06:05,2,1,00:21,1,3,0
tanvipatil4@gmail.com,2026-03-17,20,female,Entertainment,02:58,6,02:20,00:58,24,1,3,1,00:41,05:11,3,3,00:35,3,1,1
poojadesai6@gmail.com,2026-03-17,18,female,Entertainment,01:20,2,00:05,00:05,7,5,1,1,01:45,07:25,1,1,00:14,0,3,0
anjalireddy@gmail.com,2026-03-17,35,female,Motivational,02:32,13,00:25,00:11,23,1,1,3,22:51,09:21,3,4,00:36,4,1,1
nehapatel3@gmail.com,2026-03-17,20,female,Educational,01:05,7,00:38,00:21,15,4,3,2,22:13,09:22,2,2,00:23,0,4,0
karanshaikh@gmail.com,2026-03-17,55,female,Mixed,01:22,12,00:26,00:25,14,1,2,2,02:59,05:16,1,1,00:17,1,4,0
priyaprasad@gmail.com,2026-03-17,25,female,Educational/Entertainment,01:45,7,00:42,00:37,25,5,1,5,02:34,09:37,2,1,00:11,0,5,0
kavitareddy8@gmail.com,2026-03-17,22,female,Entertainment,00:23,7,00:06,00:05,23,3,5,4,23:18,07:55,1,3,00:10,1,3,0
tanvishah9@gmail.com,2026-03-17,22,male,Educational,00:25,7,00:10,00:09,23,3,5,2,00:20,06:48,1,1,00:16,1,3,0
anjalireddy718@gmail.com,2026-03-17,50,female,Emotional/Drama,00:39,8,00:23,00:14,5,4,3,1,02:02,06:40,1,3,00:21,0,3,0
vikasdesai1@gmail.com,2026-03-17,22,female,Educational,01:25,4,00:19,00:07,16,3,2,5,02:29,09:02,2,3,00:14,1,3,0
rohitsharma@gmail.com,2026-03-17,24,female,Educational/Entertainment,00:23,14,00:09,00:09,25,2,5,4,02:32,05:49,3,2,00:25,1,5,0
karanpatel@gmail.com,2026-03-17,45,female,Motivational,02:51,13,01:03,00:27,14,1,1,2,23:40,05:30,5,3,00:31,3,2,1
karanjoshi7@gmail.com,2026-03-17,23,male,Educational/Entertainment,02:33,15,01:35,00:12,14,4,5,2,00:22,08:38,4,5,00:41,3,2,1
karansharma@gmail.com,2026-03-17,55,male,Mixed,01:43,12,00:47,00:45,17,1,4,5,23:13,06:14,2,1,00:22,0,3,0
priyasingh4@gmail.com,2026-03-17,18,male,Educational/Entertainment,01:00,5,00:08,00:05,7,4,2,5,22:11,07:54,1,1,00:23,1,3,0
nehapatel4@gmail.com,2026-03-17,30,female,Mixed,01:40,15,00:13,00:11,18,5,2,4,02:09,09:40,1,1,00:24,1,3,0
anjalisoni146@gmail.com,2026-03-17,21,male,Educational,00:43,13,00:27,00:19,10,1,3,2,00:16,08:00,2,3,00:25,0,4,0
amitshah8@gmail.com,2026-03-17,23,male,Entertainment,01:33,8,01:01,00:57,8,3,2,3,01:24,05:34,2,3,00:05,1,3,0
anjalipatel4@gmail.com,2026-03-17,18,male,Entertainment,01:29,11,00:49,00:26,17,2,2,3,01:35,09:15,3,1,00:16,1,3,0
tanvisingh4@gmail.com,2026-03-17,24,female,Educational,01:10,11,00:52,00:19,18,1,3,2,02:47,05:04,2,1,00:23,1,5,0
vikasreddy@gmail.com,2026-03-17,24,male,Entertainment,02:19,15,01:31,00:15,7,3,5,5,01:50,09:16,3,3,01:00,3,2,1
nehagupta@gmail.com,2026-03-17,24,male,Educational/Entertainment,02:33,5,00:45,00:17,11,1,1,3,00:01,07:37,3,3,00:48,3,2,1
priyashaikh6@gmail.com,2026-03-17,30,female,Entertainment,02:01,15,00:22,00:09,8,5,2,3,23:33,06:44,4,5,00:37,4,2,1
adityaprasad2@gmail.com,2026-03-17,19,male,Educational,02:24,12,01:48,01:06,18,1,1,4,00:46,07:25,4,5,00:50,4,2,1
rahulshaikh504@gmail.com,2026-03-17,30,female,Mixed,02:30,6,01:40,01:06,6,4,1,1,00:11,07:35,4,3,00:30,3,2,1
rohitshah8@gmail.com,2026-03-17,50,male,Motivational,01:02,6,00:43,00:21,7,4,3,5,01:02,05:46,1,1,00:17,0,3,0
adityasoni843@gmail.com,2026-03-17,35,female,Entertainment,01:04,8,00:37,00:07,12,4,4,4,23:52,09:29,2,2,00:08,1,5,0
priyapatel510@gmail.com,2026-03-17,25,female,Educational,00:33,15,00:15,00:08,17,1,3,3,02:10,06:16,1,3,00:19,1,4,0
rahulmehta@gmail.com,2026-03-17,21,female,Entertainment,01:26,13,01:15,00:08,20,2,4,4,23:08,09:39,1,3,00:06,1,4,0
tanvisoni@gmail.com,2026-03-17,30,male,Entertainment,02:49,2,01:32,00:50,15,4,4,4,23:59,07:29,3,5,00:45,3,2,1
arjunjoshi987@gmail.com,2026-03-17,19,female,Educational/Entertainment,00:49,10,00:17,00:11,22,1,2,1,02:50,09:13,1,2,00:06,0,3,0
amitdesai419@gmail.com,2026-03-17,21,male,Educational,02:41,3,01:37,00:11,13,2,2,3,23:00,06:59,5,5,00:48,3,2,1
amitjoshi@gmail.com,2026-03-17,25,male,Entertainment,00:58,7,00:13,00:09,8,2,5,1,22:29,07:02,3,1,00:12,0,3,0
arjunsingh9@gmail.com,2026-03-17,20,female,Educational/Entertainment,02:22,3,00:26,00:24,20,3,5,4,02:45,05:08,3,4,00:59,3,1,1
priyagupta393@gmail.com,2026-03-17,35,female,Motivational,00:31,8,00:13,00:07,23,3,5,4,02:29,06:52,2,3,00:17,1,3,0
arjunpatel@gmail.com,2026-03-17,55,female,Emotional/Drama,02:59,13,01:22,00:51,14,1,2,5,22:47,05:36,5,4,00:35,4,2,1
karansharma@gmail.com,2026-03-17,55,male,Mixed,02:09,14,00:19,00:07,13,3,5,2,22:04,08:51,3,3,00:42,2,1,1
priyashah768@gmail.com,2026-03-18,18,female,Entertainment,00:41,11,00:25,00:06,15,3,3,5,23:39,07:35,2,1,00:08,1,3,0
karangupta@gmail.com,2026-03-18,20,female,Educational,01:22,3,00:31,00:19,10,1,2,2,23:51,08:21,3,2,00:22,1,3,0
vikasshah871@gmail.com,2026-03-18,21,female,Entertainment,00:44,13,00:24,00:06,14,3,5,4,00:25,07:33,1,2,00:12,1,5,0
karanreddy6@gmail.com,2026-03-18,24,male,Educational,00:46,11,00:07,00:05,11,3,5,3,02:43,08:26,3,2,00:06,0,4,0
vikassharma@gmail.com,2026-03-18,30,male,Entertainment,00:56,12,00:09,00:09,10,1,2,1,22:46,05:51,1,1,00:12,1,3,0
anjalisolanki@gmail.com,2026-03-18,20,male,Educational/Entertainment,01:56,4,00:51,00:47,20,1,1,3,01:01,09:12,1,2,00:25,0,4,0
adityasharma1@gmail.com,2026-03-18,45,female,Motivational,01:37,8,01:13,00:28,19,3,4,2,23:04,09:53,3,2,00:15,1,4,0
anjalisolanki@gmail.com,2026-03-18,55,female,Motivational,02:56,13,01:34,00:54,11,4,5,1,02:33,06:17,5,3,00:42,2,2,1
karandesai@gmail.com,2026-03-18,30,male,Motivational,02:54,4,01:20,00:46,3,2,5,4,02:42,06:22,3,5,00:43,4,2,1
kavitashaikh993@gmail.com,2026-03-18,50,male,Mixed,02:20,4,02:10,00:32,19,5,4,2,23:48,09:22,5,3,00:37,2,1,1
nehashaikh@gmail.com,2026-03-18,40,male,Entertainment,01:15,12,00:17,00:09,14,5,2,5,23:39,07:41,2,1,00:24,0,5,0
anjalireddy@gmail.com,2026-03-18,19,female,Entertainment,02:53,10,02:05,00:07,15,4,1,2,01:13,08:46,5,4,00:58,2,1,1
anjalishah911@gmail.com,2026-03-18,35,female,Mixed,00:23,15,00:11,00:05,7,5,3,5,23:10,07:43,2,1,00:12,1,5,0
amitprasad@gmail.com,2026-03-18,23,male,Entertainment,02:40,8,00:53,00:50,4,4,5,1,00:45,05:48,3,4,00:44,3,1,1
poojajoshi@gmail.com,2026-03-18,22,female,Entertainment,00:46,11,00:13,00:12,12,5,3,3,00:32,08:48,3,1,00:18,0,4,0
arjunsingh@gmail.com,2026-03-18,22,female,Educational,01:13,8,00:05,00:05,10,1,3,3,01:27,06:56,1,2,00:25,1,5,0
priyasoni9@gmail.com,2026-03-18,55,female,Motivational,00:20,8,00:05,00:05,9,5,1,3,00:09,07:23,3,2,00:19,1,4,0
adityapatil@gmail.com,2026-03-18,35,male,Entertainment,01:37,8,01:05,00:15,11,5,4,2,22:08,06:18,1,3,00:19,1,5,0
nehapatil@gmail.com,2026-03-18,30,female,Motivational,02:31,11,00:09,00:08,22,4,2,1,02:13,05:58,5,4,00:42,3,2,1
snehasharma5@gmail.com,2026-03-18,25,female,Educational/Entertainment,01:06,9,00:19,00:14,16,4,5,3,22:17,07:18,3,1,00:16,1,4,0
vikassingh474@gmail.com,2026-03-18,45,female,Motivational,01:49,13,00:55,00:14,3,5,4,1,02:26,05:21,2,2,00:25,1,3,0
vikaspatel2@gmail.com,2026-03-18,20,male,Entertainment,01:33,9,00:12,00:08,24,4,3,1,01:41,05:30,2,1,00:10,0,4,0
anjalipatel9@gmail.com,2026-03-18,23,male,Educational,02:04,8,01:25,01:08,25,5,2,5,22:31,09:23,5,3,00:37,3,2,1
rahulprasad3@gmail.com,2026-03-18,45,female,Emotional/Drama,01:42,13,00:12,00:11,12,3,5,4,23:56,06:04,1,1,00:07,1,5,1
vikassingh@gmail.com,2026-03-18,19,male,Educational/Entertainment,00:40,13,00:23,00:16,16,5,2,5,23:57,08:51,2,2,00:16,1,5,1
vikasmehta965@gmail.com,2026-03-18,30,female,Entertainment,02:20,13,00:23,00:20,20,2,2,4,02:22,06:16,3,5,00:50,4,1,0
amitgupta558@gmail.com,2026-03-18,24,male,Educational/Entertainment,01:28,10,00:05,00:05,16,3,1,3,02:55,08:10,3,1,00:20,0,5,0
tanvijoshi997@gmail.com,2026-03-18,25,female,Entertainment,01:26,6,00:05,00:05,8,2,4,2,01:31,05:57,2,2,00:06,0,4,0
anjaliprasad@gmail.com,2026-03-18,24,female,Educational/Entertainment,00:52,5,00:38,00:13,25,5,2,5,22:48,07:27,1,3,00:17,1,3,0
adityashah3@gmail.com,2026-03-18,23,male,Educational,00:20,6,00:10,00:06,4,1,5,4,01:05,06:57,3,3,00:14,1,3,0
karanshaikh@gmail.com,2026-03-18,25,male,Educational/Entertainment,00:29,12,00:12,00:06,9,2,5,2,01:48,09:27,1,3,00:22,1,3,0
priyagupta659@gmail.com,2026-03-18,50,male,Mixed,02:21,4,00:21,00:14,8,3,4,5,00:58,09:01,4,5,00:48,2,2,1
rohitpatel85@gmail.com,2026-03-18,18,male,Educational,00:23,3,00:09,00:06,19,4,5,5,00:22,09:34,2,3,00:08,1,3,0
karanpatel@gmail.com,2026-03-18,40,male,Entertainment,01:08,12,00:07,00:06,7,2,3,4,00:20,06:56,2,2,00:14,0,5,0
rahulsharma1@gmail.com,2026-03-18,23,male,Educational,00:34,15,00:18,00:16,18,5,3,2,01:47,07:11,1,2,00:21,0,5,0
kavitapatel9@gmail.com,2026-03-18,35,female,Mixed,02:38,6,00:45,00:16,22,5,3,5,23:45,09:01,4,5,00:43,2,2,1
priyagupta9@gmail.com,2026-03-18,23,male,Educational/Entertainment,02:14,2,00:05,00:05,15,4,5,3,00:43,07:47,5,4,00:41,3,2,1
adityagupta5@gmail.com,2026-03-18,21,female,Entertainment,02:43,12,01:00,00:54,24,3,3,5,00:23,06:35,3,5,00:52,4,1,1
vikasdesai@gmail.com,2026-03-18,50,female,Emotional/Drama,02:10,10,01:21,00:34,11,5,2,2,00:10,08:50,5,4,00:44,3,1,1
kavitadesai@gmail.com,2026-03-18,19,female,Educational,00:51,7,00:15,00:06,6,3,4,1,02:57,05:20,2,1,00:21,0,4,0
rahulsingh749@gmail.com,2026-03-18,22,male,Entertainment,00:21,9,00:07,00:07,6,4,1,1,02:21,07:53,1,2,00:17,1,3,0
nehasharma3@gmail.com,2026-03-18,50,male,Motivational,02:52,14,00:15,00:07,9,5,4,4,02:16,05:43,5,3,00:31,3,1,1
adityareddy369@gmail.com,2026-03-18,50,female,Emotional/Drama,01:19,15,00:07,00:07,4,1,4,4,23:35,07:42,2,2,00:06,1,5,0
priyapatel@gmail.com,2026-03-18,45,male,Emotional/Drama,00:23,8,00:06,00:06,5,1,2,2,00:32,05:08,3,2,00:20,1,4,0
karanshah@gmail.com,2026-03-18,22,male,Educational,00:35,15,00:10,00:08,7,4,5,2,22:46,05:00,1,3,00:10,1,4,0
tanvipatil4@gmail.com,2026-03-18,20,female,Educational,02:44,8,00:52,00:41,13,5,5,2,23:18,06:17,3,4,00:59,2,2,1
poojadesai6@gmail.com,2026-03-18,18,female,Educational/Entertainment,01:41,9,01:09,00:58,5,2,2,2,22:25,06:14,1,1,00:17,1,3,0
anjalireddy@gmail.com,2026-03-18,35,female,Entertainment,00:59,2,00:13,00:08,23,4,2,2,22:47,05:05,1,1,00:16,1,3,0
nehapatel3@gmail.com,2026-03-18,20,female,Educational,01:04,14,00:24,00:05,24,1,2,2,23:31,05:59,2,1,00:10,0,3,0
karanshaikh@gmail.com,2026-03-18,55,female,Mixed,02:25,15,02:14,00:08,12,1,2,2,22:59,09:48,5,3,01:00,3,2,1
priyaprasad@gmail.com,2026-03-18,25,female,Entertainment,01:42,4,01:18,00:07,13,2,2,5,00:19,06:00,1,1,00:21,0,4,0
kavitareddy8@gmail.com,2026-03-18,22,female,Entertainment,00:25,9,00:06,00:06,14,1,1,1,02:15,06:55,1,2,00:23,0,3,0
tanvishah9@gmail.com,2026-03-18,22,male,Educational/Entertainment,02:53,6,00:32,00:29,5,1,3,4,22:46,09:09,5,5,00:35,3,1,1
anjalireddy718@gmail.com,2026-03-18,50,female,Emotional/Drama,00:27,10,00:15,00:05,12,3,4,2,22:35,07:40,3,2,00:07,0,4,0
vikasdesai1@gmail.com,2026-03-18,22,female,Entertainment,02:48,8,02:03,01:51,19,2,1,1,23:28,05:00,3,4,00:47,2,1,1
rohitsharma@gmail.com,2026-03-18,24,female,Educational/Entertainment,03:00,8,01:20,00:15,6,1,1,3,22:12,09:21,5,4,00:57,2,2,1
karanpatel@gmail.com,2026-03-18,45,female,Emotional/Drama,02:28,14,01:10,01:07,5,2,2,2,23:02,08:31,4,4,00:42,3,1,1
karanjoshi7@gmail.com,2026-03-18,23,male,Entertainment,01:10,2,00:05,00:05,18,1,4,5,22:05,06:55,1,2,00:07,1,3,0
karansharma@gmail.com,2026-03-18,55,male,Emotional/Drama,00:58,11,00:23,00:23,12,4,5,5,00:15,08:55,3,2,00:25,0,4,0
priyasingh4@gmail.com,2026-03-18,18,male,Entertainment,02:25,9,00:13,00:08,18,5,5,2,02:09,07:39,4,4,00:58,3,1,1
nehapatel4@gmail.com,2026-03-18,30,female,Mixed,02:38,14,01:18,01:11,3,5,3,3,00:27,07:49,4,5,00:52,4,1,1
anjalisoni146@gmail.com,2026-03-18,21,male,Educational/Entertainment,00:43,2,00:14,00:05,25,3,4,4,01:33,08:25,3,1,00:19,1,4,0
amitshah8@gmail.com,2026-03-18,23,male,Entertainment,02:28,5,02:04,00:49,20,5,1,1,22:40,09:40,4,4,00:57,2,1,1
anjalipatel4@gmail.com,2026-03-18,18,male,Educational,01:14,10,00:17,00:09,19,2,5,1,02:08,08:08,1,1,00:20,0,3,0
tanvisingh4@gmail.com,2026-03-18,24,female,Educational/Entertainment,00:24,13,00:06,00:06,25,5,4,2,23:31,05:34,2,2,00:05,1,5,0
vikasreddy@gmail.com,2026-03-18,24,male,Educational,01:27,5,00:49,00:41,23,3,5,1,00:05,09:27,1,2,00:15,0,4,0
nehagupta@gmail.com,2026-03-18,24,male,Educational/Entertainment,00:58,15,00:14,00:14,10,4,3,5,00:17,06:55,2,1,00:12,1,4,0
priyashaikh6@gmail.com,2026-03-18,30,female,Motivational,02:35,13,02:03,01:51,23,4,5,5,02:59,08:52,5,5,00:33,2,2,1
adityaprasad2@gmail.com,2026-03-18,19,male,Educational/Entertainment,01:02,9,00:43,00:05,20,5,3,3,23:50,09:40,2,3,00:17,1,5,0
rahulshaikh504@gmail.com,2026-03-18,30,female,Mixed,01:52,8,00:34,00:05,21,4,3,1,01:33,09:15,3,1,00:17,1,3,0
rohitshah8@gmail.com,2026-03-18,50,male,Emotional/Drama,02:15,3,00:52,00:27,16,1,5,4,23:21,08:39,3,4,00:32,4,1,1
adityasoni843@gmail.com,2026-03-18,35,female,Motivational,02:06,10,00:42,00:07,10,5,3,3,23:03,05:52,4,5,00:35,2,2,1
priyapatel510@gmail.com,2026-03-18,25,female,Educational,01:41,13,00:34,00:31,17,5,4,4,00:05,08:49,3,2,00:06,0,3,0
rahulmehta@gmail.com,2026-03-18,21,female,Entertainment,02:24,9,02:01,00:14,10,3,3,2,22:42,08:42,4,4,00:49,3,2,1
tanvisoni@gmail.com,2026-03-18,30,male,Mixed,00:58,7,00:07,00:06,20,3,2,5,23:56,07:13,2,3,00:10,1,3,0
arjunjoshi987@gmail.com,2026-03-18,19,female,Entertainment,01:52,7,01:11,00:49,13,2,2,3,00:44,07:43,3,3,00:19,1,3,0
amitdesai419@gmail.com,2026-03-18,21,male,Entertainment,02:38,14,00:48,00:27,16,3,1,5,01:46,05:43,4,3,00:46,4,1,1
amitjoshi@gmail.com,2026-03-18,25,male,Educational/Entertainment,02:41,8,02:11,00:11,8,2,4,3,00:21,05:44,4,4,00:50,2,2,1
arjunsingh9@gmail.com,2026-03-18,20,female,Educational,00:40,2,00:08,00:05,16,1,2,4,01:06,05:36,1,3,00:05,1,5,0
priyagupta393@gmail.com,2026-03-18,35,female,Motivational,01:49,10,00:58,00:29,10,1,3,5,23:17,05:28,2,2,00:18,1,4,0
arjunpatel@gmail.com,2026-03-18,55,female,Motivational,00:24,12,00:08,00:07,14,3,5,1,00:21,09:39,1,3,00:09,0,4,0
karansharma@gmail.com,2026-03-18,55,male,Mixed,02:50,9,01:11,00:40,9,1,3,3,22:25,06:35,5,4,00:32,3,1,1
priyashah768@gmail.com,2026-03-19,18,female,Entertainment,02:51,2,01:39,00:33,22,1,5,4,02:47,07:39,3,4,00:39,3,1,1
karangupta@gmail.com,2026-03-19,20,female,Educational/Entertainment,00:23,12,00:12,00:09,7,3,1,2,22:02,06:58,1,3,00:09,0,4,0
vikasshah871@gmail.com,2026-03-19,21,female,Entertainment,02:12,6,01:12,01:09,7,2,3,5,22:38,09:33,4,4,00:37,4,2,1
karanreddy6@gmail.com,2026-03-19,24,male,Entertainment,02:09,12,01:11,00:48,6,5,2,5,02:55,07:36,3,3,00:32,4,1,1
vikassharma@gmail.com,2026-03-19,30,male,Motivational,01:21,9,00:38,00:34,17,4,1,4,23:47,09:54,2,2,00:17,1,5,0
anjalisolanki@gmail.com,2026-03-19,20,male,Educational/Entertainment,00:29,7,00:14,00:14,18,4,3,1,23:51,05:01,2,1,00:21,1,3,0
adityasharma1@gmail.com,2026-03-19,45,female,Motivational,00:58,2,00:09,00:09,12,3,3,3,02:21,09:33,3,2,00:08,1,4,0
anjalisolanki@gmail.com,2026-03-19,55,female,Motivational,01:32,11,01:01,00:39,13,4,1,5,00:40,05:55,2,3,00:08,0,3,0
karandesai@gmail.com,2026-03-19,30,male,Entertainment,01:54,7,00:06,00:06,13,2,5,3,23:51,05:55,1,3,00:11,1,3,0
kavitashaikh993@gmail.com,2026-03-19,50,male,Emotional/Drama,02:14,8,01:49,00:41,5,2,1,2,00:24,08:02,5,4,00:38,4,1,1
nehashaikh@gmail.com,2026-03-19,40,male,Entertainment,00:34,5,00:18,00:08,18,3,5,3,22:22,09:08,3,2,00:25,0,4,0
anjalireddy@gmail.com,2026-03-19,19,female,Educational/Entertainment,01:19,13,00:48,00:26,21,4,5,3,22:11,05:50,3,2,00:19,0,5,0
anjalishah911@gmail.com,2026-03-19,35,female,Entertainment,02:25,10,02:03,00:56,17,1,5,2,01:37,07:23,5,3,00:59,2,2,1
amitprasad@gmail.com,2026-03-19,23,male,Entertainment,02:11,2,00:27,00:08,21,1,4,5,23:54,08:31,3,5,00:34,4,2,1
poojajoshi@gmail.com,2026-03-19,22,female,Entertainment,00:54,12,00:28,00:09,7,5,3,4,02:40,07:19,1,3,00:13,0,3,0
arjunsingh@gmail.com,2026-03-19,22,female,Educational/Entertainment,01:11,6,00:31,00:08,18,4,1,1,01:44,07:46,2,2,00:06,0,5,0
priyasoni9@gmail.com,2026-03-19,55,female,Emotional/Drama,01:13,6,00:23,00:10,16,1,4,3,00:35,07:41,3,3,00:20,1,4,0
adityapatil@gmail.com,2026-03-19,35,male,Mixed,02:28,5,01:22,00:40,18,4,5,1,22:15,05:32,5,5,00:49,4,1,0
nehapatil@gmail.com,2026-03-19,30,female,Motivational,01:49,8,01:32,01:17,7,5,2,1,23:09,08:19,3,3,00:12,0,4,0
snehasharma5@gmail.com,2026-03-19,25,female,Educational/Entertainment,00:30,8,00:11,00:05,14,5,4,2,23:52,05:30,1,1,00:14,1,3,0
vikassingh474@gmail.com,2026-03-19,45,female,Mixed,02:29,9,02:14,01:43,5,1,4,3,22:51,09:20,5,4,00:37,3,2,1
vikaspatel2@gmail.com,2026-03-19,20,male,Educational/Entertainment,01:08,15,00:42,00:05,4,5,1,4,00:57,05:50,3,1,00:07,0,4,1
anjalipatel9@gmail.com,2026-03-19,23,male,Entertainment,00:32,12,00:07,00:06,9,1,1,4,01:30,07:59,2,2,00:17,0,4,0
rahulprasad3@gmail.com,2026-03-19,45,female,Motivational,02:15,4,01:03,00:58,8,2,1,2,23:47,05:29,5,5,00:39,3,1,1
vikassingh@gmail.com,2026-03-19,19,male,Educational,02:45,6,02:17,00:15,22,3,5,5,01:06,06:56,5,3,00:44,3,2,1
vikasmehta965@gmail.com,2026-03-19,30,female,Motivational,00:30,5,00:12,00:05,10,2,2,3,00:17,06:48,1,1,00:18,0,3,0
amitgupta558@gmail.com,2026-03-19,24,male,Entertainment,00:32,4,00:18,00:18,11,3,3,2,01:58,06:47,1,1,00:11,1,5,0
tanvijoshi997@gmail.com,2026-03-19,25,female,Educational/Entertainment,02:02,12,01:27,00:21,22,5,2,2,00:37,07:26,3,4,00:41,4,2,1
anjaliprasad@gmail.com,2026-03-19,24,female,Entertainment,01:50,14,01:24,00:32,3,3,5,2,02:22,07:51,2,2,00:21,1,3,1
adityashah3@gmail.com,2026-03-19,23,male,Educational,02:54,5,02:24,01:08,11,3,4,4,23:29,05:06,3,5,00:53,4,1,1
karanshaikh@gmail.com,2026-03-19,25,male,Educational/Entertainment,02:41,11,01:42,00:27,6,1,3,1,00:10,09:28,3,4,00:51,3,2,0
priyagupta659@gmail.com,2026-03-19,50,male,Emotional/Drama,01:36,5,01:22,01:06,23,4,4,5,23:02,07:16,3,3,00:23,1,4,1
rohitpatel85@gmail.com,2026-03-19,18,male,Educational,00:50,3,00:38,00:15,9,1,3,1,01:50,08:17,1,2,00:14,0,5,0
karanpatel@gmail.com,2026-03-19,40,male,Motivational,01:58,15,01:12,00:17,25,4,3,4,02:16,09:22,2,1,00:18,0,3,0
rahulsharma1@gmail.com,2026-03-19,23,male,Educational/Entertainment,03:00,11,01:02,00:12,6,1,5,2,23:00,05:55,3,5,00:35,2,1,1
kavitapatel9@gmail.com,2026-03-19,35,female,Motivational,01:31,13,00:18,00:16,10,4,5,3,22:29,08:54,3,1,00:13,0,4,0
priyagupta9@gmail.com,2026-03-19,23,male,Entertainment,01:37,2,00:13,00:13,3,1,3,1,00:29,08:43,3,3,00:13,0,4,0
adityagupta5@gmail.com,2026-03-19,21,female,Entertainment,02:21,3,01:20,00:55,21,3,4,2,23:35,05:34,4,5,00:31,3,1,1
vikasdesai@gmail.com,2026-03-19,50,female,Mixed,02:31,11,02:10,01:20,20,5,4,5,22:13,07:41,5,4,00:55,2,1,1
kavitadesai@gmail.com,2026-03-19,19,female,Educational/Entertainment,02:13,10,01:20,00:18,22,1,1,3,23:42,06:09,4,3,00:34,4,2,1
rahulsingh749@gmail.com,2026-03-19,22,male,Educational,00:25,11,00:10,00:07,14,2,3,1,02:58,07:31,2,3,00:17,0,3,0
nehasharma3@gmail.com,2026-03-19,50,male,Mixed,00:42,2,00:30,00:12,21,3,1,2,02:09,08:41,3,2,00:16,0,5,0
adityareddy369@gmail.com,2026-03-19,50,female,Emotional/Drama,01:35,7,01:01,00:54,5,5,2,1,01:45,09:17,2,2,00:11,1,3,0
priyapatel@gmail.com,2026-03-19,45,male,Emotional/Drama,01:59,11,00:14,00:09,3,1,4,3,23:12,07:30,1,3,00:11,0,3,0
karanshah@gmail.com,2026-03-19,22,male,Educational/Entertainment,01:14,13,00:22,00:20,5,5,3,3,00:41,05:29,1,3,00:24,0,5,0
tanvipatil4@gmail.com,2026-03-19,20,female,Entertainment,01:14,15,00:05,00:05,11,2,3,1,22:43,06:52,2,1,00:05,1,4,0
poojadesai6@gmail.com,2026-03-19,18,female,Educational,00:52,14,00:31,00:19,23,4,1,1,02:08,05:25,1,2,00:19,1,3,0
anjalireddy@gmail.com,2026-03-19,35,female,Entertainment,03:00,7,02:32,01:34,12,1,5,2,02:46,08:37,3,4,00:34,4,1,1
nehapatel3@gmail.com,2026-03-19,20,female,Educational,01:40,11,01:00,00:21,15,1,5,1,02:28,08:10,2,3,00:08,0,3,1
karanshaikh@gmail.com,2026-03-19,55,female,Mixed,01:11,3,00:32,00:05,13,3,2,1,01:36,09:41,3,1,00:10,1,5,0
priyaprasad@gmail.com,2026-03-19,25,female,Educational/Entertainment,00:34,8,00:22,00:21,25,2,3,4,01:16,08:25,1,1,00:17,0,4,0
kavitareddy8@gmail.com,2026-03-19,22,female,Educational/Entertainment,02:41,5,02:01,01:27,20,1,1,1,02:31,06:42,4,4,00:58,2,1,1
tanvishah9@gmail.com,2026-03-19,22,male,Entertainment,01:08,13,00:29,00:05,14,1,5,4,01:59,07:15,1,3,00:08,0,3,0
anjalireddy718@gmail.com,2026-03-19,50,female,Motivational,02:16,6,00:34,00:20,21,4,2,5,01:44,09:53,5,3,00:33,2,1,0
vikasdesai1@gmail.com,2026-03-19,22,female,Educational/Entertainment,02:04,13,00:36,00:31,14,2,5,1,23:25,09:27,4,3,00:41,2,1,0
rohitsharma@gmail.com,2026-03-19,24,female,Entertainment,02:21,14,01:16,01:07,16,2,1,3,01:19,09:05,4,5,00:49,2,2,0
karanpatel@gmail.com,2026-03-19,45,female,Motivational,02:45,3,00:26,00:12,23,5,3,3,02:31,09:04,5,3,00:34,4,1,0
karanjoshi7@gmail.com,2026-03-19,23,male,Educational/Entertainment,01:16,10,00:55,00:36,21,5,3,4,00:09,08:00,2,2,00:19,1,3,1
karansharma@gmail.com,2026-03-19,55,male,Motivational,01:55,15,01:34,00:48,8,3,3,2,00:32,09:33,1,3,00:06,1,5,0
priyasingh4@gmail.com,2026-03-19,18,male,Entertainment,00:49,4,00:23,00:21,17,3,2,2,02:39,05:01,1,2,00:21,0,3,0
nehapatel4@gmail.com,2026-03-19,30,female,Motivational,00:48,5,00:23,00:15,7,1,5,5,01:40,05:20,2,2,00:16,0,5,0
anjalisoni146@gmail.com,2026-03-19,21,male,Entertainment,01:49,8,01:33,00:05,7,3,2,3,00:42,08:11,3,2,00:06,1,3,0
amitshah8@gmail.com,2026-03-19,23,male,Educational/Entertainment,01:21,8,00:42,00:20,3,1,2,5,22:14,06:08,1,1,00:21,0,4,0
anjalipatel4@gmail.com,2026-03-19,18,male,Educational,02:26,13,01:17,00:44,20,3,4,4,23:24,06:08,4,3,00:42,2,2,1
tanvisingh4@gmail.com,2026-03-19,24,female,Educational/Entertainment,01:26,7,00:52,00:07,15,1,5,2,02:49,09:36,2,2,00:19,0,5,0
vikasreddy@gmail.com,2026-03-19,24,male,Educational,02:15,8,01:19,00:55,7,2,3,2,00:51,05:08,4,5,00:48,4,1,1
nehagupta@gmail.com,2026-03-19,24,male,Educational,01:05,4,00:44,00:09,3,1,3,5,00:48,08:42,1,1,00:10,0,5,0
priyashaikh6@gmail.com,2026-03-19,30,female,Motivational,02:52,7,02:38,00:21,18,5,4,4,02:42,09:53,4,3,00:44,2,1,1
adityaprasad2@gmail.com,2026-03-19,19,male,Entertainment,01:44,12,01:18,01:02,21,4,4,4,02:03,05:55,1,3,00:12,0,3,0
rahulshaikh504@gmail.com,2026-03-19,30,female,Motivational,02:14,9,01:43,01:31,22,2,3,5,01:35,07:41,4,5,00:35,2,1,1
rohitshah8@gmail.com,2026-03-19,50,male,Mixed,00:45,8,00:05,00:05,18,2,2,2,22:12,06:39,1,3,00:10,0,4,0
adityasoni843@gmail.com,2026-03-19,35,female,Mixed,02:41,5,01:29,00:15,7,2,2,5,01:32,06:41,3,5,00:53,2,2,1
priyapatel510@gmail.com,2026-03-19,25,female,Entertainment,01:51,12,00:12,00:06,12,1,5,5,23:39,08:04,2,2,00:21,1,5,0
rahulmehta@gmail.com,2026-03-19,21,female,Entertainment,01:22,11,00:33,00:32,9,2,5,2,01:21,07:57,3,1,00:16,1,3,0
tanvisoni@gmail.com,2026-03-19,30,male,Mixed,01:28,5,00:49,00:44,9,1,5,1,22:16,06:20,1,2,00:19,0,3,0
arjunjoshi987@gmail.com,2026-03-19,19,female,Entertainment,01:14,2,00:15,00:13,21,5,2,2,23:46,05:57,3,2,00:25,0,4,0
amitdesai419@gmail.com,2026-03-19,21,male,Entertainment,02:36,8,00:56,00:40,3,2,2,4,02:21,07:49,5,3,00:52,4,2,1
amitjoshi@gmail.com,2026-03-19,25,male,Educational,02:41,12,00:44,00:15,11,1,3,1,02:01,07:11,4,4,00:35,3,2,1
arjunsingh9@gmail.com,2026-03-19,20,female,Educational,02:37,12,02:01,00:45,15,5,5,5,23:45,09:39,3,4,00:56,4,1,1
priyagupta393@gmail.com,2026-03-19,35,female,Motivational,02:09,10,00:42,00:12,3,4,4,1,00:10,05:01,4,4,00:48,3,2,1
arjunpatel@gmail.com,2026-03-19,55,female,Motivational,01:50,15,01:15,00:34,18,3,4,5,02:01,08:20,1,2,00:06,1,3,0
karansharma@gmail.com,2026-03-19,55,male,Motivational,02:38,13,00:53,00:43,11,2,3,1,23:36,06:33,5,4,01:00,4,1,1
priyashah768@gmail.com,2026-03-20,18,female,Educational,01:00,6,00:15,00:07,4,3,1,1,00:56,09:56,2,3,00:09,0,3,0
karangupta@gmail.com,2026-03-20,20,female,Entertainment,01:09,7,00:43,00:25,12,4,4,5,22:15,05:31,2,3,00:17,1,3,0
vikasshah871@gmail.com,2026-03-20,21,female,Educational,02:03,6,00:42,00:10,15,3,1,5,23:04,05:05,5,5,00:37,2,2,1
karanreddy6@gmail.com,2026-03-20,24,male,Educational,01:23,15,00:57,00:28,12,3,2,2,01:14,08:53,2,1,00:19,1,3,0
vikassharma@gmail.com,2026-03-20,30,male,Mixed,01:21,8,00:10,00:06,22,5,5,4,00:08,05:30,2,1,00:17,0,3,0
anjalisolanki@gmail.com,2026-03-20,20,male,Entertainment,03:00,7,02:27,01:59,10,4,5,3,01:44,08:54,4,4,00:55,2,2,1
adityasharma1@gmail.com,2026-03-20,45,female,Emotional/Drama,00:59,6,00:11,00:08,11,4,4,4,02:46,07:03,2,1,00:12,1,4,0
anjalisolanki@gmail.com,2026-03-20,55,female,Mixed,02:30,9,00:05,00:05,8,5,4,3,23:39,05:27,5,4,00:34,2,2,1
karandesai@gmail.com,2026-03-20,30,male,Entertainment,02:09,13,01:04,00:55,5,3,2,1,00:08,09:01,3,3,00:42,4,1,1
kavitashaikh993@gmail.com,2026-03-20,50,male,Emotional/Drama,00:31,7,00:18,00:16,23,4,4,2,23:17,06:09,3,2,00:05,0,3,0
nehashaikh@gmail.com,2026-03-20,40,male,Mixed,01:51,4,01:06,00:47,13,3,3,2,02:30,08:26,2,1,00:14,0,3,0
anjalireddy@gmail.com,2026-03-20,19,female,Educational/Entertainment,02:27,8,00:33,00:24,11,3,1,5,02:28,09:24,5,4,00:47,4,2,1
anjalishah911@gmail.com,2026-03-20,35,female,Motivational,01:50,7,01:09,00:56,21,3,4,2,22:26,07:00,1,2,00:16,1,5,0
amitprasad@gmail.com,2026-03-20,23,male,Educational,01:13,5,00:13,00:07,21,4,1,1,02:05,09:23,1,2,00:18,1,3,0
poojajoshi@gmail.com,2026-03-20,22,female,Educational/Entertainment,01:10,4,00:27,00:08,4,1,5,2,23:00,06:43,2,1,00:06,1,5,0
arjunsingh@gmail.com,2026-03-20,22,female,Entertainment,02:57,7,02:06,00:52,19,1,3,2,00:31,08:05,5,4,00:59,3,2,1
priyasoni9@gmail.com,2026-03-20,55,female,Motivational,01:15,7,00:14,00:14,4,1,2,1,23:01,06:27,3,3,00:09,0,4,0
adityapatil@gmail.com,2026-03-20,35,male,Entertainment,02:31,9,00:21,00:18,12,5,5,1,02:10,09:24,5,4,00:44,3,1,1
nehapatil@gmail.com,2026-03-20,30,female,Entertainment,02:31,15,02:09,01:42,20,3,5,1,01:21,09:56,4,5,00:41,4,2,1
snehasharma5@gmail.com,2026-03-20,25,female,Educational/Entertainment,01:15,2,01:05,01:00,15,1,1,1,00:18,09:14,3,2,00:21,1,5,0
vikassingh474@gmail.com,2026-03-20,45,female,Mixed,01:42,14,01:06,00:44,14,5,5,2,22:30,05:26,1,1,00:11,1,3,0
vikaspatel2@gmail.com,2026-03-20,20,male,Educational,02:44,14,01:35,00:30,9,3,5,5,02:52,06:33,3,5,00:59,3,2,1
anjalipatel9@gmail.com,2026-03-20,23,male,Entertainment,01:39,9,00:16,00:06,24,3,3,2,00:16,07:04,1,1,00:12,1,5,0
rahulprasad3@gmail.com,2026-03-20,45,female,Emotional/Drama,00:20,3,00:09,00:07,23,4,4,4,22:50,09:52,3,1,00:20,1,5,0
vikassingh@gmail.com,2026-03-20,19,male,Educational,01:00,4,00:25,00:19,5,4,5,1,00:10,05:09,2,2,00:22,1,3,0
vikasmehta965@gmail.com,2026-03-20,30,female,Motivational,02:31,4,00:16,00:11,4,4,1,5,00:25,05:06,5,4,00:44,3,2,1
amitgupta558@gmail.com,2026-03-20,24,male,Educational,01:07,13,00:51,00:18,18,3,4,5,00:50,06:51,2,3,00:19,1,5,0
tanvijoshi997@gmail.com,2026-03-20,25,female,Entertainment,00:23,15,00:05,00:05,23,3,4,2,02:22,08:25,1,3,00:23,0,3,0
anjaliprasad@gmail.com,2026-03-20,24,female,Educational/Entertainment,02:54,14,02:44,02:01,20,3,2,1,22:22,07:37,3,3,00:43,2,1,1
adityashah3@gmail.com,2026-03-20,23,male,Educational/Entertainment,00:59,9,00:07,00:05,19,4,1,3,01:31,09:49,2,1,00:07,0,4,0
karanshaikh@gmail.com,2026-03-20,25,male,Educational/Entertainment,02:26,4,01:08,01:05,11,2,3,2,23:42,06:09,3,3,00:36,2,2,1
priyagupta659@gmail.com,2026-03-20,50,male,Emotional/Drama,01:40,11,01:04,00:59,18,4,5,1,22:11,07:47,3,1,00:20,0,4,0
rohitpatel85@gmail.com,2026-03-20,18,male,Educational/Entertainment,00:31,4,00:11,00:07,15,4,3,4,00:11,06:57,2,1,00:08,1,5,0
karanpatel@gmail.com,2026-03-20,40,male,Entertainment,00:32,3,00:15,00:07,14,3,2,4,23:50,06:07,2,1,00:24,1,3,0
rahulsharma1@gmail.com,2026-03-20,23,male,Entertainment,02:23,3,00:45,00:45,5,3,5,5,22:55,06:00,5,3,00:54,2,1,1
kavitapatel9@gmail.com,2026-03-20,35,female,Entertainment,01:17,5,00:08,00:05,12,4,5,1,02:58,06:28,1,2,00:21,0,5,0
priyagupta9@gmail.com,2026-03-20,23,male,Educational/Entertainment,01:20,10,00:07,00:07,6,3,4,5,00:16,06:40,1,1,00:22,0,4,0
adityagupta5@gmail.com,2026-03-20,21,female,Educational/Entertainment,02:29,6,00:23,00:11,15,1,2,3,22:31,08:25,3,4,00:33,4,1,1
vikasdesai@gmail.com,2026-03-20,50,female,Motivational,02:10,8,00:09,00:05,16,3,2,1,00:15,07:22,5,5,00:36,4,1,1
kavitadesai@gmail.com,2026-03-20,19,female,Entertainment,02:54,13,00:56,00:33,24,5,2,4,00:09,07:14,3,4,00:31,3,1,1
rahulsingh749@gmail.com,2026-03-20,22,male,Entertainment,01:06,9,00:30,00:15,15,5,4,1,22:48,08:25,3,2,00:22,1,5,0
nehasharma3@gmail.com,2026-03-20,50,male,Motivational,02:51,13,01:58,00:16,23,4,5,3,00:17,07:37,3,4,00:51,3,2,1
adityareddy369@gmail.com,2026-03-20,50,female,Mixed,02:42,5,01:21,00:13,10,5,3,5,02:23,05:59,5,3,00:39,2,2,1
priyapatel@gmail.com,2026-03-20,45,male,Emotional/Drama,01:19,13,00:10,00:08,9,2,3,1,02:43,06:21,3,3,00:11,1,4,0
karanshah@gmail.com,2026-03-20,22,male,Entertainment,02:11,8,01:28,00:42,7,5,4,5,22:58,09:04,4,5,00:44,2,2,1
tanvipatil4@gmail.com,2026-03-20,20,female,Entertainment,01:46,13,00:25,00:20,14,3,5,5,01:18,08:15,3,3,00:23,0,4,0
poojadesai6@gmail.com,2026-03-20,18,female,Educational,01:17,15,00:43,00:41,25,1,5,4,00:54,06:46,1,3,00:09,0,5,0
anjalireddy@gmail.com,2026-03-20,35,female,Motivational,01:28,15,00:14,00:14,15,5,2,1,02:09,06:57,3,1,00:18,0,3,0
nehapatel3@gmail.com,2026-03-20,20,female,Entertainment,00:43,14,00:21,00:18,18,3,1,4,02:04,08:55,3,1,00:18,0,3,0
karanshaikh@gmail.com,2026-03-20,55,female,Emotional/Drama,01:17,8,01:03,00:22,23,3,3,4,00:09,06:12,3,3,00:18,1,4,0
priyaprasad@gmail.com,2026-03-20,25,female,Entertainment,01:01,5,00:45,00:21,25,4,5,2,23:45,08:23,2,1,00:12,0,4,0
kavitareddy8@gmail.com,2026-03-20,22,female,Educational/Entertainment,01:44,3,00:28,00:15,9,4,3,2,01:15,05:33,1,1,00:12,0,4,0
tanvishah9@gmail.com,2026-03-20,22,male,Educational,01:21,7,01:09,00:22,17,5,3,2,01:34,07:00,2,2,00:10,0,3,0
anjalireddy718@gmail.com,2026-03-20,50,female,Mixed,02:55,2,00:41,00:23,12,1,2,2,23:58,09:26,4,4,00:39,3,1,1
vikasdesai1@gmail.com,2026-03-20,22,female,Educational/Entertainment,00:28,9,00:15,00:07,19,5,4,4,00:16,05:09,3,3,00:17,0,5,0
rohitsharma@gmail.com,2026-03-20,24,female,Educational/Entertainment,02:16,8,01:59,01:30,20,1,3,1,02:45,08:09,5,4,00:48,3,2,1
karanpatel@gmail.com,2026-03-20,45,female,Motivational,02:14,3,00:18,00:06,3,3,3,4,01:59,08:13,4,4,00:51,4,2,1
karanjoshi7@gmail.com,2026-03-20,23,male,Entertainment,02:45,12,00:55,00:43,17,2,1,2,23:43,09:54,3,3,00:30,3,2,1
karansharma@gmail.com,2026-03-20,55,male,Motivational,01:50,9,00:45,00:44,6,1,2,3,01:26,06:15,2,2,00:22,0,3,0
priyasingh4@gmail.com,2026-03-20,18,male,Entertainment,02:59,13,01:24,00:27,16,2,4,3,00:11,08:51,4,5,00:58,3,1,1
nehapatel4@gmail.com,2026-03-20,30,female,Motivational,01:41,14,01:24,01:02,8,3,1,4,00:27,09:44,3,1,00:11,0,4,0
anjalisoni146@gmail.com,2026-03-20,21,male,Educational/Entertainment,00:47,11,00:14,00:08,20,4,5,2,01:40,08:31,1,3,00:25,1,4,0
amitshah8@gmail.com,2026-03-20,23,male,Educational/Entertainment,02:20,11,00:23,00:17,13,3,5,2,00:12,07:32,4,4,00:35,4,1,1
anjalipatel4@gmail.com,2026-03-20,18,male,Educational/Entertainment,02:17,2,01:31,00:34,20,3,5,2,23:18,09:02,4,3,00:49,3,1,1
tanvisingh4@gmail.com,2026-03-20,24,female,Entertainment,01:28,2,00:23,00:11,12,1,5,3,01:46,08:20,3,2,00:07,1,4,0
vikasreddy@gmail.com,2026-03-20,24,male,Educational/Entertainment,00:52,14,00:32,00:18,16,3,4,2,22:36,08:25,2,1,00:08,1,5,0
nehagupta@gmail.com,2026-03-20,24,male,Educational,00:33,12,00:08,00:08,15,4,2,2,22:04,06:28,2,1,00:23,0,4,0
priyashaikh6@gmail.com,2026-03-20,30,female,Entertainment,00:48,14,00:10,00:10,18,3,4,1,22:04,07:52,3,2,00:22,1,5,0
adityaprasad2@gmail.com,2026-03-20,19,male,Entertainment,01:20,9,01:04,00:07,5,3,3,3,22:22,05:33,3,3,00:07,0,5,0
rahulshaikh504@gmail.com,2026-03-20,30,female,Mixed,02:52,2,01:51,00:08,22,3,2,4,23:16,06:47,3,3,00:38,3,2,1
rohitshah8@gmail.com,2026-03-20,50,male,Motivational,01:23,4,00:42,00:24,11,4,5,3,02:31,05:10,3,1,00:16,1,3,0
adityasoni843@gmail.com,2026-03-20,35,female,Mixed,00:51,14,00:09,00:06,17,5,4,1,01:06,06:14,1,2,00:12,1,3,0
priyapatel510@gmail.com,2026-03-20,25,female,Educational,02:53,12,00:50,00:20,20,3,5,3,02:25,05:05,3,5,00:51,4,1,1
rahulmehta@gmail.com,2026-03-20,21,female,Educational,01:05,11,00:48,00:21,22,1,2,3,01:38,09:42,1,1,00:16,1,3,0
tanvisoni@gmail.com,2026-03-20,30,male,Entertainment,02:00,14,01:10,00:13,17,3,1,1,01:07,08:46,3,3,00:49,4,1,1
arjunjoshi987@gmail.com,2026-03-20,19,female,Educational,01:41,7,01:25,00:19,20,5,4,5,00:11,07:50,2,1,00:08,1,5,0
amitdesai419@gmail.com,2026-03-20,21,male,Educational,01:08,12,00:22,00:19,8,4,2,4,01:27,06:47,2,2,00:11,0,5,0
amitjoshi@gmail.com,2026-03-20,25,male,Educational/Entertainment,00:52,4,00:28,00:14,9,1,4,4,01:44,09:34,3,1,00:06,1,5,0
arjunsingh9@gmail.com,2026-03-20,20,female,Entertainment,01:39,5,00:44,00:35,13,3,5,3,00:36,06:46,1,1,00:19,0,3,0
priyagupta393@gmail.com,2026-03-20,35,female,Entertainment,00:51,2,00:30,00:20,12,2,3,5,22:40,09:05,1,1,00:12,0,4,0
arjunpatel@gmail.com,2026-03-20,55,female,Emotional/Drama,02:47,8,01:19,00:24,20,5,5,5,23:17,08:16,4,4,00:49,2,2,1
karansharma@gmail.com,2026-03-20,55,male,Mixed,01:51,12,00:10,00:08,24,5,5,2,00:58,09:34,2,3,00:20,0,5,0
priyashah768@gmail.com,2026-03-21,18,female,Entertainment,02:29,13,00:31,00:19,3,5,1,2,22:12,05:38,4,4,00:50,2,2,1
karangupta@gmail.com,2026-03-21,20,female,Entertainment,02:29,8,00:29,00:19,14,5,3,3,23:42,07:09,3,5,00:40,3,2,1
vikasshah871@gmail.com,2026-03-21,21,female,Educational/Entertainment,02:16,13,00:53,00:12,25,2,1,1,00:30,08:04,4,4,00:38,4,2,1
karanreddy6@gmail.com,2026-03-21,24,male,Entertainment,02:30,8,01:01,00:19,3,3,5,2,23:19,07:34,4,5,00:43,4,2,1
vikassharma@gmail.com,2026-03-21,30,male,Motivational,01:38,10,00:34,00:09,4,5,4,3,23:07,08:12,3,3,00:11,1,3,0
anjalisolanki@gmail.com,2026-03-21,20,male,Entertainment,01:41,10,01:26,00:11,5,1,3,5,02:29,06:03,1,2,00:19,0,4,0
adityasharma1@gmail.com,2026-03-21,45,female,Motivational,01:36,14,01:09,00:58,18,4,4,5,00:21,07:40,3,3,00:13,1,3,0
anjalisolanki@gmail.com,2026-03-21,55,female,Mixed,00:36,3,00:05,00:05,7,3,3,1,23:04,07:12,2,3,00:14,0,5,0
karandesai@gmail.com,2026-03-21,30,male,Motivational,00:48,15,00:30,00:20,15,4,4,2,00:33,05:24,2,3,00:07,1,4,0
kavitashaikh993@gmail.com,2026-03-21,50,male,Emotional/Drama,00:33,13,00:18,00:07,24,5,3,1,01:03,07:23,2,1,00:19,1,5,0
nehashaikh@gmail.com,2026-03-21,40,male,Entertainment,01:19,15,00:20,00:11,9,5,2,1,00:15,09:36,1,3,00:11,0,4,0
anjalireddy@gmail.com,2026-03-21,19,female,Entertainment,02:14,11,00:55,00:12,17,4,1,3,00:03,06:02,3,3,00:40,4,2,1
anjalishah911@gmail.com,2026-03-21,35,female,Motivational,00:38,3,00:24,00:22,11,4,1,4,23:00,07:14,2,1,00:23,0,4,0
amitprasad@gmail.com,2026-03-21,23,male,Entertainment,01:51,3,01:33,00:22,6,1,1,5,01:09,05:34,2,2,00:08,0,4,0
poojajoshi@gmail.com,2026-03-21,22,female,Educational,01:03,5,00:46,00:15,5,1,4,1,02:42,09:24,2,3,00:17,0,3,0
arjunsingh@gmail.com,2026-03-21,22,female,Entertainment,03:00,4,01:42,01:19,9,2,3,3,22:22,06:16,5,5,00:33,3,2,1
priyasoni9@gmail.com,2026-03-21,55,female,Mixed,01:18,9,00:46,00:42,4,1,3,4,01:52,09:29,1,3,00:23,0,3,0
adityapatil@gmail.com,2026-03-21,35,male,Mixed,01:02,13,00:41,00:06,19,1,3,4,22:02,09:52,2,3,00:18,0,5,0
nehapatil@gmail.com,2026-03-21,30,female,Mixed,01:20,14,00:35,00:06,22,2,4,2,00:23,07:55,3,1,00:08,1,4,0
snehasharma5@gmail.com,2026-03-21,25,female,Entertainment,02:03,15,00:27,00:07,8,4,1,3,23:45,06:39,5,4,00:54,4,1,1
vikassingh474@gmail.com,2026-03-21,45,female,Emotional/Drama,02:32,5,02:17,01:53,19,3,2,4,02:30,08:52,3,3,00:33,2,2,1
vikaspatel2@gmail.com,2026-03-21,20,male,Educational/Entertainment,02:05,10,00:38,00:17,25,4,1,1,02:35,06:18,5,3,00:59,3,2,1
anjalipatel9@gmail.com,2026-03-21,23,male,Educational,01:06,8,00:14,00:08,15,4,5,4,23:03,06:00,2,2,00:13,0,5,0
rahulprasad3@gmail.com,2026-03-21,45,female,Mixed,00:36,15,00:09,00:09,25,3,3,4,23:08,08:20,2,1,00:19,1,3,0
vikassingh@gmail.com,2026-03-21,19,male,Entertainment,00:59,6,00:13,00:13,18,1,3,1,22:22,05:07,1,2,00:16,1,5,0
vikasmehta965@gmail.com,2026-03-21,30,female,Motivational,02:06,11,00:27,00:08,23,5,5,4,01:57,07:29,4,5,00:32,2,1,1
amitgupta558@gmail.com,2026-03-21,24,male,Entertainment,01:41,5,00:12,00:07,3,1,2,5,00:22,09:31,3,3,00:15,1,4,0
tanvijoshi997@gmail.com,2026-03-21,25,female,Entertainment,00:24,4,00:10,00:05,23,1,1,3,02:07,05:55,2,2,00:15,1,5,0
anjaliprasad@gmail.com,2026-03-21,24,female,Educational,00:26,14,00:08,00:05,5,2,2,3,23:51,08:51,3,1,00:22,1,3,0
adityashah3@gmail.com,2026-03-21,23,male,Entertainment,01:50,4,00:54,00:44,17,4,2,5,01:37,05:52,2,1,00:08,1,4,0
karanshaikh@gmail.com,2026-03-21,25,male,Educational,01:14,12,01:01,00:35,19,2,4,1,01:54,09:51,2,3,00:13,1,4,0
priyagupta659@gmail.com,2026-03-21,50,male,Motivational,00:43,10,00:12,00:12,20,3,4,3,01:56,09:46,2,3,00:07,0,4,0
rohitpatel85@gmail.com,2026-03-21,18,male,Educational/Entertainment,01:27,15,00:38,00:06,15,1,4,2,01:56,08:11,3,2,00:07,1,3,0
karanpatel@gmail.com,2026-03-21,40,male,Entertainment,01:33,7,00:20,00:20,14,1,3,5,23:49,05:40,1,1,00:24,0,5,0
rahulsharma1@gmail.com,2026-03-21,23,male,Educational/Entertainment,01:38,2,00:35,00:05,14,5,2,2,00:28,08:54,1,3,00:20,1,4,0
kavitapatel9@gmail.com,2026-03-21,35,female,Motivational,01:21,9,00:26,00:16,17,1,2,5,22:44,05:53,2,1,00:12,1,3,0
priyagupta9@gmail.com,2026-03-21,23,male,Entertainment,02:15,9,02:03,01:19,4,1,5,5,22:42,05:11,3,5,00:57,2,1,1
adityagupta5@gmail.com,2026-03-21,21,female,Educational,02:42,9,02:21,02:21,16,2,2,4,01:22,05:50,5,3,00:35,3,1,1
vikasdesai@gmail.com,2026-03-21,50,female,Mixed,02:24,11,02:01,00:11,14,4,2,1,02:21,09:06,3,5,00:42,2,1,1
kavitadesai@gmail.com,2026-03-21,19,female,Educational/Entertainment,02:37,13,00:31,00:05,19,2,2,3,22:30,06:31,5,5,00:38,2,2,1
rahulsingh749@gmail.com,2026-03-21,22,male,Educational,02:34,7,00:12,00:10,14,1,1,3,01:26,06:14,3,5,00:44,3,2,1
nehasharma3@gmail.com,2026-03-21,50,male,Motivational,01:34,3,01:08,00:18,25,1,3,2,23:14,09:00,3,1,00:06,1,3,0
adityareddy369@gmail.com,2026-03-21,50,female,Emotional/Drama,02:14,5,00:22,00:09,23,5,1,3,23:34,06:48,4,3,00:51,2,1,1
priyapatel@gmail.com,2026-03-21,45,male,Emotional/Drama,02:21,6,00:16,00:05,15,2,1,1,01:41,05:03,4,4,00:34,4,1,1
karanshah@gmail.com,2026-03-21,22,male,Entertainment,01:44,9,00:48,00:43,16,1,4,4,22:02,06:27,2,3,00:22,1,3,0
tanvipatil4@gmail.com,2026-03-21,20,female,Educational,00:48,5,00:35,00:30,5,3,5,5,02:45,05:01,1,1,00:16,0,4,0
poojadesai6@gmail.com,2026-03-21,18,female,Educational,01:48,13,00:59,00:48,12,3,5,2,00:55,07:50,1,1,00:07,1,3,0
anjalireddy@gmail.com,2026-03-21,35,female,Mixed,01:28,7,00:54,00:23,14,1,1,1,01:19,09:46,1,2,00:15,0,3,0
nehapatel3@gmail.com,2026-03-21,20,female,Educational,02:01,6,01:31,01:21,12,3,5,3,22:28,06:46,5,3,00:53,4,2,1
karanshaikh@gmail.com,2026-03-21,55,female,Mixed,02:16,11,00:25,00:10,23,3,3,2,23:18,09:41,5,3,00:52,4,2,1
priyaprasad@gmail.com,2026-03-21,25,female,Educational,02:19,15,00:10,00:10,20,1,2,5,23:58,07:59,3,5,00:56,3,1,1
kavitareddy8@gmail.com,2026-03-21,22,female,Educational,02:50,4,01:52,01:39,25,5,2,4,22:16,05:42,5,4,00:38,3,2,1
tanvishah9@gmail.com,2026-03-21,22,male,Entertainment,02:59,8,02:25,00:13,4,2,1,2,23:26,06:32,5,3,00:35,4,2,1
anjalireddy718@gmail.com,2026-03-21,50,female,Emotional/Drama,01:47,11,01:00,00:09,25,3,1,1,01:38,05:59,2,2,00:25,1,3,0
vikasdesai1@gmail.com,2026-03-21,22,female,Educational,02:31,8,01:13,01:03,25,4,2,1,01:19,05:00,3,5,00:34,3,1,1
rohitsharma@gmail.com,2026-03-21,24,female,Educational/Entertainment,01:09,3,00:26,00:17,24,5,3,3,01:47,06:39,1,2,00:19,1,4,0
karanpatel@gmail.com,2026-03-21,45,female,Motivational,01:56,13,01:39,00:13,12,2,3,4,22:36,05:48,1,1,00:20,1,4,0
karanjoshi7@gmail.com,2026-03-21,23,male,Entertainment,00:47,6,00:21,00:07,4,2,1,3,02:23,05:18,3,1,00:06,1,3,0
karansharma@gmail.com,2026-03-21,55,male,Motivational,02:26,7,02:09,00:40,23,1,5,5,02:43,09:16,4,5,00:47,2,1,1
priyasingh4@gmail.com,2026-03-21,18,male,Educational/Entertainment,00:46,7,00:24,00:14,3,3,5,5,00:20,06:01,2,2,00:07,1,3,0
nehapatel4@gmail.com,2026-03-21,30,female,Entertainment,03:00,4,00:36,00:14,17,2,2,1,02:14,05:44,4,5,00:48,3,1,1
anjalisoni146@gmail.com,2026-03-21,21,male,Educational/Entertainment,02:26,10,01:39,01:31,18,5,1,2,00:44,05:16,4,4,00:43,2,2,1
amitshah8@gmail.com,2026-03-21,23,male,Educational,02:56,13,01:41,01:24,9,2,4,3,02:04,09:45,3,5,00:34,3,1,1
anjalipatel4@gmail.com,2026-03-21,18,male,Educational/Entertainment,02:42,6,01:44,00:19,15,2,2,2,02:04,08:03,3,4,00:32,3,2,1
tanvisingh4@gmail.com,2026-03-21,24,female,Entertainment,02:41,12,01:50,01:17,23,5,2,3,22:36,07:08,3,3,00:33,3,1,1
vikasreddy@gmail.com,2026-03-21,24,male,Educational,00:30,5,00:14,00:09,21,5,3,2,00:33,05:23,2,2,00:05,0,4,0
nehagupta@gmail.com,2026-03-21,24,male,Educational/Entertainment,01:07,15,00:05,00:05,12,5,3,5,00:40,06:41,1,3,00:19,1,4,0
priyashaikh6@gmail.com,2026-03-21,30,female,Entertainment,02:38,7,00:20,00:05,8,5,1,5,22:04,08:00,5,4,00:51,2,1,1
adityaprasad2@gmail.com,2026-03-21,19,male,Entertainment,01:33,14,01:18,01:12,6,2,5,3,01:01,07:50,1,3,00:12,1,5,0
rahulshaikh504@gmail.com,2026-03-21,30,female,Motivational,02:35,11,00:08,00:08,18,4,4,3,01:54,09:28,4,3,00:45,2,1,1
rohitshah8@gmail.com,2026-03-21,50,male,Motivational,00:20,8,00:07,00:05,20,4,4,2,00:00,08:18,2,3,00:06,0,4,0
adityasoni843@gmail.com,2026-03-21,35,female,Entertainment,01:40,2,00:55,00:17,11,1,1,2,00:32,07:38,3,3,00:18,1,4,0
priyapatel510@gmail.com,2026-03-21,25,female,Educational/Entertainment,01:04,5,00:15,00:08,5,3,3,5,02:44,06:08,1,1,00:22,1,5,0
rahulmehta@gmail.com,2026-03-21,21,female,Entertainment,01:17,4,00:15,00:14,9,1,2,3,23:18,09:45,2,1,00:07,0,5,0
tanvisoni@gmail.com,2026-03-21,30,male,Motivational,01:48,10,00:37,00:30,18,4,2,2,02:03,09:31,3,3,00:22,0,5,0
arjunjoshi987@gmail.com,2026-03-21,19,female,Educational,00:55,13,00:20,00:15,10,1,4,4,22:50,06:09,1,2,00:08,0,4,0
amitdesai419@gmail.com,2026-03-21,21,male,Entertainment,02:04,3,00:26,00:17,19,1,5,3,00:09,07:10,3,4,00:45,2,2,1
amitjoshi@gmail.com,2026-03-21,25,male,Educational,02:30,8,00:19,00:19,4,3,4,2,00:41,07:54,3,3,01:00,3,1,1
arjunsingh9@gmail.com,2026-03-21,20,female,Entertainment,00:45,2,00:22,00:19,10,4,1,2,22:06,05:10,3,2,00:24,0,5,0
priyagupta393@gmail.com,2026-03-21,35,female,Entertainment,02:16,9,01:01,00:05,3,5,4,5,23:23,08:34,4,5,00:43,2,1,1
arjunpatel@gmail.com,2026-03-21,55,female,Motivational,02:59,12,02:00,00:27,11,4,5,5,00:23,05:42,5,3,00:44,2,2,1
karansharma@gmail.com,2026-03-21,55,male,Motivational,02:13,7,01:31,01:10,23,5,2,3,22:29,05:14,3,5,00:30,3,1,1
priyashah768@gmail.com,2026-03-22,18,female,Entertainment,02:27,5,00:05,00:05,21,2,4,1,22:44,07:49,3,4,00:55,4,1,1
karangupta@gmail.com,2026-03-22,20,female,Educational/Entertainment,00:38,8,00:15,00:09,8,5,1,1,22:01,06:16,1,2,00:07,1,3,0
vikasshah871@gmail.com,2026-03-22,21,female,Educational,02:22,9,01:38,01:05,3,5,2,2,00:48,05:35,3,4,00:31,2,1,1
karanreddy6@gmail.com,2026-03-22,24,male,Entertainment,01:54,14,00:08,00:07,18,5,2,3,23:56,07:38,2,2,00:05,0,5,0
vikassharma@gmail.com,2026-03-22,30,male,Motivational,00:24,13,00:10,00:05,21,2,1,2,22:09,07:56,2,3,00:16,0,5,0
anjalisolanki@gmail.com,2026-03-22,20,male,Entertainment,01:21,5,01:03,00:31,9,3,5,1,22:14,06:29,3,2,00:21,1,5,0
adityasharma1@gmail.com,2026-03-22,45,female,Motivational,01:46,4,00:07,00:06,17,3,2,2,23:03,07:47,1,1,00:10,0,5,0
anjalisolanki@gmail.com,2026-03-22,55,female,Motivational,02:45,8,02:09,00:26,6,3,4,2,01:50,05:52,5,4,00:40,2,2,1
karandesai@gmail.com,2026-03-22,30,male,Motivational,02:46,9,01:06,00:53,19,1,3,4,23:05,07:22,4,5,00:51,2,1,1
kavitashaikh993@gmail.com,2026-03-22,50,male,Emotional/Drama,01:05,6,00:47,00:33,17,3,3,3,23:04,08:14,1,1,00:17,0,4,0
nehashaikh@gmail.com,2026-03-22,40,male,Entertainment,01:31,10,00:41,00:19,20,5,2,3,23:12,08:04,2,3,00:09,0,3,0
anjalireddy@gmail.com,2026-03-22,19,female,Entertainment,01:49,4,01:13,00:12,7,1,5,5,00:22,05:54,3,2,00:07,0,4,0
anjalishah911@gmail.com,2026-03-22,35,female,Motivational,02:01,10,00:52,00:45,4,4,5,2,22:23,08:15,5,5,00:31,3,2,1
amitprasad@gmail.com,2026-03-22,23,male,Entertainment,02:47,15,01:51,01:25,25,5,2,3,00:12,06:04,4,3,00:50,2,2,1
poojajoshi@gmail.com,2026-03-22,22,female,Educational,02:43,11,01:12,00:43,16,1,4,3,22:33,05:54,4,4,00:55,3,2,1
arjunsingh@gmail.com,2026-03-22,22,female,Entertainment,01:52,6,01:40,00:28,21,5,1,1,02:28,05:04,3,2,00:13,1,5,0
priyasoni9@gmail.com,2026-03-22,55,female,Emotional/Drama,02:13,3,02:00,00:30,20,5,5,4,22:03,06:20,4,5,00:36,2,1,1
adityapatil@gmail.com,2026-03-22,35,male,Motivational,01:05,13,00:05,00:05,24,4,4,3,22:53,09:39,1,1,00:15,0,4,0
nehapatil@gmail.com,2026-03-22,30,female,Mixed,02:07,6,01:11,00:29,7,3,5,3,02:15,09:26,3,3,01:00,2,2,1
snehasharma5@gmail.com,2026-03-22,25,female,Educational,02:51,13,02:31,00:30,19,5,5,1,02:50,05:53,5,5,00:33,2,1,1
vikassingh474@gmail.com,2026-03-22,45,female,Motivational,01:30,2,00:56,00:11,23,2,3,5,02:50,07:37,1,3,00:21,0,4,0
vikaspatel2@gmail.com,2026-03-22,20,male,Educational/Entertainment,00:51,12,00:17,00:15,11,1,3,3,02:53,06:02,2,2,00:14,1,3,0
anjalipatel9@gmail.com,2026-03-22,23,male,Entertainment,01:53,8,00:08,00:05,21,1,1,5,22:42,08:19,1,3,00:10,1,4,0
rahulprasad3@gmail.com,2026-03-22,45,female,Emotional/Drama,01:07,10,00:41,00:09,15,1,1,4,00:34,05:18,1,2,00:20,1,5,0
vikassingh@gmail.com,2026-03-22,19,male,Educational,02:42,15,01:22,00:59,10,5,4,1,22:14,08:50,5,5,00:44,4,2,1
vikasmehta965@gmail.com,2026-03-22,30,female,Mixed,01:16,14,01:00,00:39,3,4,2,4,01:41,08:05,1,1,00:12,1,3,0
amitgupta558@gmail.com,2026-03-22,24,male,Educational/Entertainment,00:30,6,00:18,00:05,15,5,1,3,22:55,09:30,1,1,00:25,1,4,0
tanvijoshi997@gmail.com,2026-03-22,25,female,Educational,01:05,14,00:43,00:21,13,2,2,2,22:53,07:11,3,1,00:08,1,5,0
anjaliprasad@gmail.com,2026-03-22,24,female,Entertainment,02:54,9,00:27,00:13,3,4,2,4,22:38,08:08,3,3,01:00,2,1,1
adityashah3@gmail.com,2026-03-22,23,male,Educational/Entertainment,02:00,13,00:59,00:06,6,5,1,3,23:27,08:22,3,5,00:51,2,1,1
karanshaikh@gmail.com,2026-03-22,25,male,Entertainment,02:51,2,00:08,00:05,23,2,1,1,02:43,06:25,3,3,00:47,4,2,1
priyagupta659@gmail.com,2026-03-22,50,male,Emotional/Drama,01:56,5,01:07,00:59,16,2,2,1,23:05,06:54,1,2,00:09,0,5,0
rohitpatel85@gmail.com,2026-03-22,18,male,Educational/Entertainment,01:00,11,00:38,00:38,24,2,5,2,01:24,05:08,1,3,00:12,1,3,0
karanpatel@gmail.com,2026-03-22,40,male,Entertainment,00:46,5,00:15,00:15,7,4,1,3,23:34,07:46,1,3,00:24,0,3,0
rahulsharma1@gmail.com,2026-03-22,23,male,Educational,02:54,12,01:13,00:23,4,3,3,5,01:59,07:26,4,5,00:44,3,1,1
kavitapatel9@gmail.com,2026-03-22,35,female,Mixed,01:42,7,00:18,00:07,18,4,5,2,00:24,06:10,2,1,00:22,1,4,0
priyagupta9@gmail.com,2026-03-22,23,male,Educational,01:07,11,00:22,00:12,12,5,5,4,02:43,09:13,2,1,00:25,0,4,0
adityagupta5@gmail.com,2026-03-22,21,female,Educational/Entertainment,01:34,6,00:05,00:05,25,4,2,2,00:09,07:54,2,2,00:07,0,5,0
vikasdesai@gmail.com,2026-03-22,50,female,Emotional/Drama,02:25,13,00:35,00:05,4,3,3,5,22:32,09:28,3,3,00:49,4,1,1
kavitadesai@gmail.com,2026-03-22,19,female,Entertainment,00:23,14,00:11,00:05,19,2,3,4,01:45,05:33,3,2,00:07,0,4,1
rahulsingh749@gmail.com,2026-03-22,22,male,Entertainment,00:50,8,00:06,00:06,17,2,4,3,00:29,08:37,3,1,00:24,0,5,1
nehasharma3@gmail.com,2026-03-22,50,male,Mixed,01:03,4,00:13,00:06,13,4,4,5,01:40,06:23,3,3,00:21,1,5,1
adityareddy369@gmail.com,2026-03-22,50,female,Emotional/Drama,02:06,15,00:40,00:10,3,5,5,3,02:07,05:36,4,5,00:53,3,2,0
priyapatel@gmail.com,2026-03-22,45,male,Mixed,01:51,6,01:35,00:47,25,1,1,2,23:40,08:20,2,2,00:16,1,3,0
karanshah@gmail.com,2026-03-22,22,male,Educational,00:58,8,00:30,00:06,8,2,1,2,01:14,06:15,2,2,00:08,0,3,0
tanvipatil4@gmail.com,2026-03-22,20,female,Entertainment,02:18,13,01:38,01:06,9,1,5,2,22:29,05:45,4,4,00:38,2,2,1
poojadesai6@gmail.com,2026-03-22,18,female,Educational/Entertainment,01:04,14,00:53,00:49,18,4,3,3,00:09,07:51,1,3,00:14,1,3,0
anjalireddy@gmail.com,2026-03-22,35,female,Motivational,02:43,10,02:17,00:45,9,3,2,1,00:12,08:34,4,5,00:58,2,2,1
nehapatel3@gmail.com,2026-03-22,20,female,Educational,01:59,14,01:06,00:45,17,5,2,5,22:09,09:18,2,1,00:06,0,4,0
karanshaikh@gmail.com,2026-03-22,55,female,Emotional/Drama,00:39,14,00:19,00:06,9,3,5,3,00:58,06:51,2,3,00:15,1,5,0
priyaprasad@gmail.com,2026-03-22,25,female,Educational/Entertainment,02:28,4,01:25,00:09,24,3,1,1,01:51,05:00,4,4,00:33,2,2,1
kavitareddy8@gmail.com,2026-03-22,22,female,Entertainment,01:12,5,00:44,00:29,8,2,4,4,01:19,07:20,2,3,00:10,1,5,0
tanvishah9@gmail.com,2026-03-22,22,male,Educational/Entertainment,00:27,8,00:08,00:06,4,3,2,2,23:52,05:55,2,2,00:19,0,4,0
anjalireddy718@gmail.com,2026-03-22,50,female,Mixed,00:32,5,00:17,00:08,6,5,1,3,02:58,05:09,3,2,00:06,0,4,0
vikasdesai1@gmail.com,2026-03-22,22,female,Educational/Entertainment,00:23,5,00:08,00:07,15,1,2,1,22:07,06:42,2,3,00:15,1,4,0
rohitsharma@gmail.com,2026-03-22,24,female,Educational,02:50,5,02:22,01:52,22,2,5,1,01:22,09:20,4,4,00:51,3,1,1
karanpatel@gmail.com,2026-03-22,45,female,Motivational,01:51,3,01:41,00:19,21,5,1,5,22:44,06:50,2,3,00:06,0,5,0
karanjoshi7@gmail.com,2026-03-22,23,male,Entertainment,00:52,6,00:06,00:05,20,4,4,5,22:04,05:22,1,2,00:18,1,4,0
karansharma@gmail.com,2026-03-22,55,male,Motivational,02:46,8,00:25,00:08,12,5,2,2,22:47,05:32,5,5,01:00,2,1,1
priyasingh4@gmail.com,2026-03-22,18,male,Entertainment,01:00,8,00:35,00:29,11,5,5,1,00:32,09:49,1,2,00:21,0,4,0
nehapatel4@gmail.com,2026-03-22,30,female,Entertainment,02:47,10,02:17,01:47,6,1,5,1,02:46,08:40,3,3,00:41,2,2,1
anjalisoni146@gmail.com,2026-03-22,21,male,Entertainment,00:41,8,00:10,00:05,6,3,5,5,22:37,08:07,2,3,00:15,0,4,0
amitshah8@gmail.com,2026-03-22,23,male,Entertainment,00:43,9,00:09,00:07,11,3,3,5,23:57,06:28,2,3,00:17,0,3,0
anjalipatel4@gmail.com,2026-03-22,18,male,Educational,02:44,5,01:36,00:27,6,4,1,4,00:41,09:47,4,5,00:57,2,1,1
tanvisingh4@gmail.com,2026-03-22,24,female,Educational,02:00,2,00:28,00:12,25,4,5,2,22:56,05:12,4,5,00:47,2,1,1
vikasreddy@gmail.com,2026-03-22,24,male,Educational,02:49,6,00:36,00:14,23,1,2,5,22:39,09:26,4,5,00:37,2,2,1
nehagupta@gmail.com,2026-03-22,24,male,Entertainment,01:43,11,01:16,00:45,24,4,3,2,00:45,06:47,2,3,00:21,1,3,0
priyashaikh6@gmail.com,2026-03-22,30,female,Motivational,01:09,11,00:11,00:09,25,2,2,2,02:16,06:44,2,2,00:05,0,4,0
adityaprasad2@gmail.com,2026-03-22,19,male,Entertainment,00:45,11,00:12,00:05,11,5,2,4,00:10,08:25,3,3,00:13,1,5,0
rahulshaikh504@gmail.com,2026-03-22,30,female,Mixed,01:16,11,00:41,00:10,23,5,1,4,02:55,06:44,1,3,00:23,1,3,0
rohitshah8@gmail.com,2026-03-22,50,male,Mixed,02:20,4,00:05,00:05,24,5,2,5,02:38,09:14,4,5,00:36,4,1,1
adityasoni843@gmail.com,2026-03-22,35,female,Motivational,01:07,11,00:54,00:05,8,4,2,1,00:57,09:47,2,2,00:23,0,5,0
priyapatel510@gmail.com,2026-03-22,25,female,Entertainment,00:22,5,00:10,00:07,4,2,1,5,02:25,07:17,3,2,00:17,0,5,0
rahulmehta@gmail.com,2026-03-22,21,female,Educational,01:46,6,01:22,00:22,20,1,1,2,22:32,09:37,3,3,00:09,0,5,0
tanvisoni@gmail.com,2026-03-22,30,male,Mixed,01:06,13,00:27,00:06,20,1,2,5,01:23,06:42,2,2,00:24,1,3,0
arjunjoshi987@gmail.com,2026-03-22,19,female,Educational,01:29,11,01:09,00:54,16,5,3,5,23:45,05:29,3,2,00:16,0,3,0
amitdesai419@gmail.com,2026-03-22,21,male,Educational,01:25,8,00:53,00:44,7,4,5,3,23:05,06:50,1,3,00:20,0,4,0
amitjoshi@gmail.com,2026-03-22,25,male,Educational,00:49,13,00:12,00:06,15,3,2,1,22:54,07:14,2,2,00:21,1,3,0
arjunsingh9@gmail.com,2026-03-22,20,female,Educational,01:47,7,01:07,00:57,13,3,4,1,02:22,06:42,2,2,00:18,1,4,0
priyagupta393@gmail.com,2026-03-22,35,female,Entertainment,02:05,15,01:00,00:47,25,1,1,4,01:13,05:02,3,4,00:37,3,2,1
arjunpatel@gmail.com,2026-03-22,55,female,Mixed,01:36,2,00:16,00:10,3,5,3,1,01:46,08:13,1,2,00:06,1,5,0
karansharma@gmail.com,2026-03-22,55,male,Emotional/Drama,01:29,8,00:45,00:41,14,1,2,2,01:25,09:00,1,1,00:17,1,4,0
priyashah768@gmail.com,2026-03-23,18,female,Educational/Entertainment,01:08,13,00:23,00:14,16,1,2,2,00:25,08:00,2,1,00:24,0,3,0
karangupta@gmail.com,2026-03-23,20,female,Educational,00:52,3,00:21,00:18,18,1,5,4,00:25,09:51,3,2,00:22,1,3,0
vikasshah871@gmail.com,2026-03-23,21,female,Educational/Entertainment,03:00,6,01:27,01:11,13,1,1,2,01:41,05:53,3,5,00:50,2,2,1
karanreddy6@gmail.com,2026-03-23,24,male,Educational,02:15,10,00:12,00:12,9,2,4,1,00:29,06:56,5,5,00:57,4,2,1
vikassharma@gmail.com,2026-03-23,30,male,Mixed,02:10,14,00:31,00:23,14,3,3,2,23:08,08:16,3,5,00:36,2,2,1
anjalisolanki@gmail.com,2026-03-23,20,male,Entertainment,00:20,3,00:10,00:05,22,2,4,3,01:16,06:37,1,1,00:17,1,4,0
adityasharma1@gmail.com,2026-03-23,45,female,Mixed,02:20,13,00:35,00:35,19,5,2,5,02:36,06:46,4,5,00:52,3,2,1
anjalisolanki@gmail.com,2026-03-23,55,female,Motivational,02:10,14,00:25,00:25,24,1,2,4,01:28,08:07,4,4,00:38,2,1,1
karandesai@gmail.com,2026-03-23,30,male,Motivational,02:29,8,01:18,00:37,25,1,4,3,00:12,07:21,4,3,00:37,2,2,1
kavitashaikh993@gmail.com,2026-03-23,50,male,Mixed,02:43,14,00:15,00:15,19,4,1,2,22:16,07:09,5,4,00:42,3,2,1
nehashaikh@gmail.com,2026-03-23,40,male,Motivational,01:46,10,01:15,00:52,19,3,3,2,00:15,06:00,1,1,00:11,0,4,0
anjalireddy@gmail.com,2026-03-23,19,female,Educational,00:32,13,00:12,00:10,19,3,1,1,00:29,08:47,3,3,00:18,1,4,0
anjalishah911@gmail.com,2026-03-23,35,female,Motivational,02:11,11,00:31,00:08,9,1,1,3,01:02,09:39,3,5,00:31,4,1,1
amitprasad@gmail.com,2026-03-23,23,male,Educational/Entertainment,01:48,3,00:29,00:29,18,4,1,4,01:10,07:06,2,3,00:10,1,4,0
poojajoshi@gmail.com,2026-03-23,22,female,Educational/Entertainment,02:22,3,00:40,00:39,21,1,5,1,01:24,06:35,4,3,00:38,2,1,1
arjunsingh@gmail.com,2026-03-23,22,female,Educational/Entertainment,02:10,2,00:48,00:11,21,5,5,4,23:23,06:23,4,5,00:39,4,1,1
priyasoni9@gmail.com,2026-03-23,55,female,Emotional/Drama,01:39,14,00:58,00:31,4,1,2,2,02:14,06:19,2,3,00:15,0,4,0
adityapatil@gmail.com,2026-03-23,35,male,Entertainment,00:58,2,00:34,00:34,13,4,1,1,22:43,06:39,3,1,00:06,1,3,1
nehapatil@gmail.com,2026-03-23,30,female,Entertainment,02:37,13,00:09,00:07,15,2,1,4,23:57,07:59,3,4,00:59,3,2,0
snehasharma5@gmail.com,2026-03-23,25,female,Educational,01:19,4,00:13,00:05,4,4,3,2,23:14,07:41,3,2,00:05,0,5,0
vikassingh474@gmail.com,2026-03-23,45,female,Mixed,01:38,4,00:15,00:09,16,4,2,4,22:25,06:16,3,1,00:25,0,5,0
vikaspatel2@gmail.com,2026-03-23,20,male,Educational/Entertainment,00:31,15,00:12,00:06,8,1,4,5,22:15,06:20,3,1,00:19,0,4,0
anjalipatel9@gmail.com,2026-03-23,23,male,Entertainment,02:23,5,00:58,00:23,17,3,4,4,00:29,07:42,3,5,00:39,4,2,1
rahulprasad3@gmail.com,2026-03-23,45,female,Motivational,00:59,7,00:34,00:12,9,4,3,5,01:54,05:44,3,1,00:05,0,4,0
vikassingh@gmail.com,2026-03-23,19,male,Entertainment,02:07,13,01:20,00:52,10,1,4,5,01:41,07:59,3,4,00:40,2,1,1
vikasmehta965@gmail.com,2026-03-23,30,female,Motivational,00:57,2,00:25,00:14,12,2,5,4,01:57,08:44,2,3,00:13,1,3,0
amitgupta558@gmail.com,2026-03-23,24,male,Educational/Entertainment,02:40,3,00:21,00:13,17,3,5,1,02:01,08:30,5,5,00:58,4,1,1
tanvijoshi997@gmail.com,2026-03-23,25,female,Educational,01:38,12,00:19,00:07,6,2,3,5,22:49,07:22,1,3,00:24,0,4,0
anjaliprasad@gmail.com,2026-03-23,24,female,Entertainment,02:05,10,01:40,01:40,18,2,1,2,01:39,05:26,3,3,00:36,3,1,1
adityashah3@gmail.com,2026-03-23,23,male,Educational,00:38,9,00:26,00:07,16,3,2,5,01:45,08:49,3,2,00:17,1,3,0
karanshaikh@gmail.com,2026-03-23,25,male,Entertainment,01:56,15,01:45,01:15,19,5,1,3,02:46,09:08,2,1,00:18,0,3,0
priyagupta659@gmail.com,2026-03-23,50,male,Emotional/Drama,01:00,11,00:23,00:15,13,3,2,4,00:24,08:02,2,1,00:06,0,5,0
rohitpatel85@gmail.com,2026-03-23,18,male,Entertainment,02:24,10,00:23,00:22,13,3,1,5,22:00,09:32,4,3,00:48,4,1,1
karanpatel@gmail.com,2026-03-23,40,male,Motivational,02:08,8,00:23,00:12,11,2,5,4,23:53,08:05,3,5,00:36,3,1,1
rahulsharma1@gmail.com,2026-03-23,23,male,Entertainment,01:53,13,00:37,00:37,5,3,4,4,01:51,07:56,2,3,00:05,1,4,0
kavitapatel9@gmail.com,2026-03-23,35,female,Mixed,01:50,13,01:38,01:19,3,3,3,5,00:32,07:30,2,3,00:23,1,4,0
priyagupta9@gmail.com,2026-03-23,23,male,Entertainment,01:51,11,01:20,00:54,21,5,2,5,23:18,09:05,3,2,00:25,0,5,0
adityagupta5@gmail.com,2026-03-23,21,female,Educational,02:03,10,00:07,00:07,15,2,1,4,22:49,05:18,4,3,00:50,2,1,1
vikasdesai@gmail.com,2026-03-23,50,female,Emotional/Drama,02:29,15,00:05,00:05,25,5,1,3,02:16,09:19,3,4,00:48,4,2,1
kavitadesai@gmail.com,2026-03-23,19,female,Entertainment,02:01,4,00:13,00:12,14,4,2,1,01:55,09:15,3,3,00:50,2,2,1
rahulsingh749@gmail.com,2026-03-23,22,male,Educational/Entertainment,02:16,2,00:12,00:11,18,2,1,4,02:57,07:40,5,3,00:43,2,1,1
nehasharma3@gmail.com,2026-03-23,50,male,Emotional/Drama,01:11,9,00:38,00:33,23,3,5,4,23:51,05:13,3,1,00:06,0,4,0
adityareddy369@gmail.com,2026-03-23,50,female,Motivational,01:02,12,00:31,00:10,24,3,1,4,22:23,06:11,2,1,00:11,1,3,0
priyapatel@gmail.com,2026-03-23,45,male,Mixed,02:01,7,01:01,00:15,17,4,1,3,23:13,09:41,5,3,00:59,2,1,1
karanshah@gmail.com,2026-03-23,22,male,Educational/Entertainment,02:02,8,01:24,01:11,17,3,4,5,23:52,06:16,4,3,00:52,2,2,1
tanvipatil4@gmail.com,2026-03-23,20,female,Educational,01:12,7,00:59,00:36,12,5,2,1,22:29,05:25,1,3,00:25,1,4,0
poojadesai6@gmail.com,2026-03-23,18,female,Educational,00:46,6,00:14,00:05,10,3,4,2,02:35,07:13,2,3,00:05,0,5,0
anjalireddy@gmail.com,2026-03-23,35,female,Mixed,01:09,11,00:59,00:16,9,4,5,5,02:14,06:55,3,3,00:15,1,5,0
nehapatel3@gmail.com,2026-03-23,20,female,Educational,01:41,15,00:48,00:12,25,4,1,5,23:28,05:17,2,3,00:19,0,3,0
karanshaikh@gmail.com,2026-03-23,55,female,Motivational,02:46,10,01:33,00:13,7,3,3,2,22:52,09:57,5,3,00:32,4,2,1
priyaprasad@gmail.com,2026-03-23,25,female,Entertainment,02:34,10,01:15,00:57,4,2,3,3,01:44,06:26,3,4,00:33,3,2,1
kavitareddy8@gmail.com,2026-03-23,22,female,Educational/Entertainment,02:49,12,01:49,00:38,20,5,5,4,00:38,09:44,5,4,00:45,4,2,1
tanvishah9@gmail.com,2026-03-23,22,male,Educational,00:23,11,00:12,00:07,21,2,4,5,01:30,09:31,1,1,00:21,0,4,1
anjalireddy718@gmail.com,2026-03-23,50,female,Mixed,01:08,6,00:55,00:38,7,5,2,3,23:24,08:01,2,2,00:05,1,3,1
vikasdesai1@gmail.com,2026-03-23,22,female,Educational/Entertainment,02:12,9,01:11,00:39,4,1,4,1,00:05,07:41,3,3,00:54,2,1,0
rohitsharma@gmail.com,2026-03-23,24,female,Entertainment,02:53,5,01:25,00:14,10,5,2,5,00:43,09:28,3,5,00:32,3,1,1
karanpatel@gmail.com,2026-03-23,45,female,Mixed,02:09,6,01:41,01:07,13,1,3,4,02:31,05:02,4,4,00:48,3,2,1
karanjoshi7@gmail.com,2026-03-23,23,male,Educational,02:32,14,02:13,01:26,16,3,1,2,00:40,05:28,3,5,00:59,3,1,0
karansharma@gmail.com,2026-03-23,55,male,Emotional/Drama,02:26,13,02:04,00:35,10,4,4,3,00:14,05:58,5,5,01:00,3,1,1
priyasingh4@gmail.com,2026-03-23,18,male,Educational,01:24,13,00:38,00:36,22,5,3,4,23:24,06:48,1,3,00:17,0,4,0
nehapatel4@gmail.com,2026-03-23,30,female,Entertainment,01:22,10,00:58,00:48,17,4,2,1,00:14,08:31,3,2,00:25,1,5,0
anjalisoni146@gmail.com,2026-03-23,21,male,Entertainment,01:11,4,00:53,00:08,17,5,2,5,00:41,06:36,3,1,00:23,0,3,1
amitshah8@gmail.com,2026-03-23,23,male,Educational,00:31,7,00:16,00:12,16,2,2,1,02:39,06:46,3,3,00:25,1,5,1
anjalipatel4@gmail.com,2026-03-23,18,male,Educational/Entertainment,00:51,15,00:30,00:25,22,3,2,5,22:30,09:38,1,2,00:13,0,5,0
tanvisingh4@gmail.com,2026-03-23,24,female,Educational,02:25,4,01:47,01:19,20,3,1,5,01:42,09:06,3,4,00:36,2,1,1
vikasreddy@gmail.com,2026-03-23,24,male,Educational/Entertainment,02:45,12,02:02,01:33,24,2,3,3,22:35,05:03,5,5,00:45,3,1,1
nehagupta@gmail.com,2026-03-23,24,male,Educational,01:58,6,00:06,00:06,18,5,5,2,01:46,08:13,2,2,00:24,1,3,0
priyashaikh6@gmail.com,2026-03-23,30,female,Mixed,01:57,14,00:11,00:11,17,3,3,1,02:40,06:58,1,3,00:19,1,5,0
adityaprasad2@gmail.com,2026-03-23,19,male,Educational/Entertainment,01:51,2,01:13,00:31,24,5,5,3,00:50,06:48,2,3,00:21,1,3,0
rahulshaikh504@gmail.com,2026-03-23,30,female,Motivational,00:23,10,00:05,00:05,7,5,3,3,00:12,06:50,2,3,00:22,1,3,0
rohitshah8@gmail.com,2026-03-23,50,male,Emotional/Drama,01:24,2,00:05,00:05,7,4,2,4,00:52,05:48,1,3,00:11,0,3,0
adityasoni843@gmail.com,2026-03-23,35,female,Entertainment,00:51,4,00:08,00:06,3,4,4,5,00:10,08:06,3,1,00:21,1,3,0
priyapatel510@gmail.com,2026-03-23,25,female,Educational,01:07,15,00:35,00:31,13,1,2,2,00:59,06:59,2,1,00:23,1,4,0
rahulmehta@gmail.com,2026-03-23,21,female,Educational,02:21,15,00:23,00:21,18,5,3,2,23:23,08:37,3,5,00:38,4,2,1
tanvisoni@gmail.com,2026-03-23,30,male,Mixed,02:11,2,01:18,00:37,10,4,5,2,00:46,09:26,5,3,00:56,4,1,1
arjunjoshi987@gmail.com,2026-03-23,19,female,Educational,02:24,13,02:06,01:47,19,2,3,1,00:16,07:37,5,3,00:36,4,1,1
amitdesai419@gmail.com,2026-03-23,21,male,Educational/Entertainment,01:52,2,00:26,00:12,16,3,5,4,00:22,09:48,3,2,00:13,0,5,0
amitjoshi@gmail.com,2026-03-23,25,male,Entertainment,02:40,10,00:30,00:05,17,5,1,1,02:54,09:53,5,3,00:40,4,1,1
arjunsingh9@gmail.com,2026-03-23,20,female,Educational,02:57,14,01:52,01:47,14,3,4,2,01:18,07:03,3,4,00:58,4,1,1
priyagupta393@gmail.com,2026-03-23,35,female,Motivational,02:56,13,01:41,00:22,24,2,5,5,23:48,09:58,5,5,00:31,4,1,1
arjunpatel@gmail.com,2026-03-23,55,female,Motivational,01:55,10,01:09,00:16,10,4,4,1,01:10,06:39,2,3,00:18,1,4,0
karansharma@gmail.com,2026-03-23,55,male,Motivational,01:06,9,00:20,00:16,7,1,4,3,00:18,09:48,2,1,00:24,1,5,0
priyashah768@gmail.com,2026-03-24,18,female,Educational,02:03,9,00:24,00:20,13,1,3,2,00:24,08:32,4,4,00:55,3,1,1
karangupta@gmail.com,2026-03-24,20,female,Educational,01:12,3,00:22,00:19,23,3,1,5,02:14,07:24,1,2,00:25,0,5,0
vikasshah871@gmail.com,2026-03-24,21,female,Educational,02:22,2,00:58,00:17,11,2,5,2,01:06,08:40,4,5,00:40,4,1,1
karanreddy6@gmail.com,2026-03-24,24,male,Educational,02:32,12,00:29,00:18,7,4,2,3,00:58,06:10,4,4,00:54,4,2,1
vikassharma@gmail.com,2026-03-24,30,male,Motivational,02:33,15,01:46,00:11,13,3,2,2,22:17,09:23,5,4,00:39,2,1,1
anjalisolanki@gmail.com,2026-03-24,20,male,Entertainment,00:34,12,00:23,00:06,17,4,5,3,22:58,06:00,2,2,00:19,1,5,0
adityasharma1@gmail.com,2026-03-24,45,female,Mixed,02:44,7,01:26,00:45,22,4,4,3,01:14,07:51,3,4,00:57,2,1,1
anjalisolanki@gmail.com,2026-03-24,55,female,Motivational,00:29,7,00:10,00:10,11,1,5,1,01:39,08:11,3,1,00:19,1,3,0
karandesai@gmail.com,2026-03-24,30,male,Motivational,01:13,2,00:15,00:07,22,4,1,5,22:41,06:22,3,3,00:09,1,4,0
kavitashaikh993@gmail.com,2026-03-24,50,male,Emotional/Drama,00:22,3,00:07,00:06,23,3,2,3,22:38,07:54,1,3,00:14,1,4,0
nehashaikh@gmail.com,2026-03-24,40,male,Mixed,02:13,10,01:33,01:15,16,3,4,3,02:55,08:12,5,4,00:49,3,1,1
anjalireddy@gmail.com,2026-03-24,19,female,Educational/Entertainment,01:46,13,01:14,00:16,7,3,4,1,23:30,08:55,1,1,00:25,1,5,0
anjalishah911@gmail.com,2026-03-24,35,female,Entertainment,01:31,12,01:09,01:09,5,4,3,4,22:27,05:41,1,3,00:18,1,5,0
amitprasad@gmail.com,2026-03-24,23,male,Educational,01:28,13,01:01,00:09,10,4,1,2,01:21,06:24,2,3,00:24,1,4,0
poojajoshi@gmail.com,2026-03-24,22,female,Educational,02:59,13,02:23,00:30,23,3,2,2,02:42,05:58,5,5,00:42,3,1,1
arjunsingh@gmail.com,2026-03-24,22,female,Educational/Entertainment,01:39,10,00:55,00:21,17,1,4,4,22:37,07:21,1,2,00:10,1,5,0
priyasoni9@gmail.com,2026-03-24,55,female,Motivational,02:40,14,02:17,01:50,23,5,5,2,22:38,07:53,5,3,00:46,3,2,1
adityapatil@gmail.com,2026-03-24,35,male,Motivational,01:54,2,00:05,00:05,25,4,2,4,00:31,07:36,1,3,00:20,1,4,0
nehapatil@gmail.com,2026-03-24,30,female,Mixed,02:49,2,00:31,00:12,4,2,4,4,01:28,05:37,4,3,00:49,4,1,1
snehasharma5@gmail.com,2026-03-24,25,female,Educational/Entertainment,01:40,13,00:30,00:05,24,3,5,3,22:55,06:25,1,1,00:16,0,4,0
vikassingh474@gmail.com,2026-03-24,45,female,Mixed,00:20,4,00:06,00:05,6,5,2,3,01:13,06:49,3,3,00:11,0,5,0
vikaspatel2@gmail.com,2026-03-24,20,male,Educational/Entertainment,00:51,6,00:08,00:06,11,3,3,2,02:32,08:51,3,3,00:15,0,3,0
anjalipatel9@gmail.com,2026-03-24,23,male,Educational/Entertainment,01:56,3,01:00,00:10,11,4,2,1,01:36,08:33,2,1,00:23,0,5,0
rahulprasad3@gmail.com,2026-03-24,45,female,Mixed,00:23,5,00:07,00:05,12,2,3,5,02:47,07:58,1,2,00:25,0,5,0
vikassingh@gmail.com,2026-03-24,19,male,Educational/Entertainment,02:16,3,00:18,00:18,4,3,2,5,02:03,05:00,3,4,00:44,2,2,1
vikasmehta965@gmail.com,2026-03-24,30,female,Motivational,01:34,14,01:03,00:38,14,4,2,2,00:59,07:26,1,1,00:08,1,5,0
amitgupta558@gmail.com,2026-03-24,24,male,Educational,02:42,3,00:49,00:08,19,2,3,2,23:04,06:52,4,4,00:37,2,2,1
tanvijoshi997@gmail.com,2026-03-24,25,female,Entertainment,01:23,14,01:08,00:22,23,1,4,1,00:24,09:20,2,1,00:20,1,3,0
anjaliprasad@gmail.com,2026-03-24,24,female,Educational/Entertainment,02:26,3,00:26,00:23,15,2,2,4,00:10,06:36,3,4,00:48,3,1,1
adityashah3@gmail.com,2026-03-24,23,male,Entertainment,02:24,4,00:31,00:25,10,3,5,5,01:28,09:39,5,5,00:48,4,2,1
karanshaikh@gmail.com,2026-03-24,25,male,Entertainment,01:06,10,00:22,00:13,14,5,2,4,23:50,05:41,3,3,00:19,0,4,0
priyagupta659@gmail.com,2026-03-24,50,male,Emotional/Drama,00:54,9,00:19,00:10,21,1,5,1,23:00,06:19,3,3,00:22,0,3,0
rohitpatel85@gmail.com,2026-03-24,18,male,Educational,00:58,13,00:20,00:09,7,1,3,3,01:42,06:34,1,1,00:22,1,5,0
karanpatel@gmail.com,2026-03-24,40,male,Motivational,02:59,4,02:10,01:47,18,3,1,5,00:28,05:14,3,3,00:51,3,2,1
rahulsharma1@gmail.com,2026-03-24,23,male,Entertainment,01:59,11,01:34,00:14,3,2,4,1,02:25,05:54,1,1,00:14,1,5,0
kavitapatel9@gmail.com,2026-03-24,35,female,Motivational,00:26,7,00:15,00:15,10,2,3,2,00:06,09:54,3,3,00:15,1,3,0
priyagupta9@gmail.com,2026-03-24,23,male,Educational/Entertainment,01:57,12,00:08,00:06,10,5,1,5,01:41,09:13,3,1,00:19,1,4,0
adityagupta5@gmail.com,2026-03-24,21,female,Educational,02:49,3,00:48,00:19,20,3,1,4,23:43,07:52,3,4,00:47,3,1,1
vikasdesai@gmail.com,2026-03-24,50,female,Motivational,02:30,13,01:51,00:05,13,4,3,3,23:09,05:04,4,3,00:38,2,2,1
kavitadesai@gmail.com,2026-03-24,19,female,Educational/Entertainment,00:32,11,00:05,00:05,16,4,5,5,02:16,09:24,2,2,00:13,1,5,0
rahulsingh749@gmail.com,2026-03-24,22,male,Educational/Entertainment,00:54,4,00:08,00:08,6,2,4,1,23:41,09:36,3,3,00:14,1,3,0
nehasharma3@gmail.com,2026-03-24,50,male,Motivational,01:37,14,00:21,00:16,12,3,5,5,02:10,08:35,1,1,00:09,0,4,0
adityareddy369@gmail.com,2026-03-24,50,female,Mixed,02:50,12,00:26,00:13,8,3,2,4,23:18,07:01,5,4,00:35,3,2,1
priyapatel@gmail.com,2026-03-24,45,male,Motivational,00:42,3,00:17,00:11,13,3,5,5,02:29,08:06,3,1,00:10,1,3,0
karanshah@gmail.com,2026-03-24,22,male,Entertainment,01:15,5,00:37,00:09,19,4,5,3,23:20,09:28,3,2,00:08,0,5,0
tanvipatil4@gmail.com,2026-03-24,20,female,Educational/Entertainment,01:49,11,00:39,00:37,20,4,4,3,00:03,05:15,2,1,00:23,0,5,0
poojadesai6@gmail.com,2026-03-24,18,female,Educational,01:41,2,00:22,00:22,14,1,5,1,02:17,06:37,3,3,00:11,0,5,0
anjalireddy@gmail.com,2026-03-24,35,female,Motivational,00:29,10,00:13,00:07,13,5,1,3,01:13,06:18,1,1,00:13,0,4,0
nehapatel3@gmail.com,2026-03-24,20,female,Educational,02:20,10,00:35,00:33,13,1,1,4,02:57,06:45,3,4,00:53,4,1,1
karanshaikh@gmail.com,2026-03-24,55,female,Mixed,02:17,6,00:45,00:21,19,5,3,4,01:47,06:17,4,5,00:54,4,2,1
priyaprasad@gmail.com,2026-03-24,25,female,Entertainment,01:46,7,00:49,00:26,6,5,5,1,01:47,05:58,3,2,00:10,0,4,0
kavitareddy8@gmail.com,2026-03-24,22,female,Entertainment,01:06,9,00:17,00:15,15,2,5,5,23:09,06:14,3,1,00:08,1,5,0
tanvishah9@gmail.com,2026-03-24,22,male,Educational,01:16,6,00:13,00:07,19,4,1,2,22:47,05:36,2,1,00:09,1,3,0
anjalireddy718@gmail.com,2026-03-24,50,female,Emotional/Drama,01:10,9,00:05,00:05,9,3,2,5,22:24,08:15,2,2,00:10,1,4,0
vikasdesai1@gmail.com,2026-03-24,22,female,Educational,01:46,15,01:14,01:11,7,2,1,2,01:06,06:44,3,2,00:21,1,3,0
rohitsharma@gmail.com,2026-03-24,24,female,Educational/Entertainment,02:24,10,00:50,00:23,12,1,3,1,22:33,06:25,4,3,00:31,3,2,1
karanpatel@gmail.com,2026-03-24,45,female,Emotional/Drama,02:42,4,02:12,01:29,10,3,4,4,02:06,08:04,3,3,01:00,4,1,1
karanjoshi7@gmail.com,2026-03-24,23,male,Educational/Entertainment,02:50,12,02:33,01:41,21,3,5,1,02:03,08:39,4,3,00:54,4,1,1
karansharma@gmail.com,2026-03-24,55,male,Mixed,02:38,12,01:42,01:25,16,3,1,3,23:23,08:49,5,4,00:54,4,2,1
priyasingh4@gmail.com,2026-03-24,18,male,Educational/Entertainment,02:11,2,00:32,00:21,25,4,3,4,01:40,09:36,5,4,00:31,3,2,1
nehapatel4@gmail.com,2026-03-24,30,female,Mixed,00:25,3,00:13,00:12,19,4,4,3,22:25,05:01,2,1,00:14,1,3,0
anjalisoni146@gmail.com,2026-03-24,21,male,Educational/Entertainment,02:14,4,01:44,00:41,9,3,4,4,01:47,07:30,5,3,00:31,3,2,1
amitshah8@gmail.com,2026-03-24,23,male,Educational,01:51,6,01:08,00:22,4,1,1,3,22:16,07:36,3,1,00:07,0,3,0
anjalipatel4@gmail.com,2026-03-24,18,male,Entertainment,02:21,9,01:40,00:29,3,3,2,2,23:31,06:36,5,4,00:59,3,1,1
tanvisingh4@gmail.com,2026-03-24,24,female,Entertainment,02:12,9,00:22,00:06,10,1,5,3,02:52,08:23,3,5,01:00,4,1,1
vikasreddy@gmail.com,2026-03-24,24,male,Entertainment,02:59,11,02:23,02:09,23,2,4,1,00:12,08:42,3,3,00:58,3,1,1
nehagupta@gmail.com,2026-03-24,24,male,Entertainment,00:48,15,00:13,00:12,8,3,5,3,00:01,05:37,3,2,00:07,0,4,0
priyashaikh6@gmail.com,2026-03-24,30,female,Entertainment,00:57,7,00:12,00:10,4,2,4,3,01:31,05:17,2,2,00:11,1,4,0
adityaprasad2@gmail.com,2026-03-24,19,male,Educational,01:06,9,00:56,00:13,8,5,2,5,00:25,08:29,2,2,00:14,1,4,0
rahulshaikh504@gmail.com,2026-03-24,30,female,Motivational,00:45,7,00:22,00:10,16,1,3,1,02:57,09:46,2,1,00:24,0,3,0
rohitshah8@gmail.com,2026-03-24,50,male,Motivational,02:00,12,00:58,00:52,23,5,1,1,02:11,09:26,3,3,00:48,2,2,1
adityasoni843@gmail.com,2026-03-24,35,female,Entertainment,00:28,15,00:18,00:15,12,4,4,5,01:01,06:43,2,3,00:15,1,3,0
priyapatel510@gmail.com,2026-03-24,25,female,Educational/Entertainment,02:57,8,00:15,00:13,13,1,2,3,02:16,07:31,3,5,00:56,4,2,1
rahulmehta@gmail.com,2026-03-24,21,female,Entertainment,00:21,15,00:11,00:06,22,1,5,1,01:19,09:33,3,2,00:12,1,3,0
tanvisoni@gmail.com,2026-03-24,30,male,Motivational,01:16,13,00:22,00:05,13,5,4,5,00:41,08:39,3,3,00:20,0,4,0
arjunjoshi987@gmail.com,2026-03-24,19,female,Educational,02:15,4,02:00,00:42,8,4,2,4,23:29,06:00,3,5,00:43,3,1,1
amitdesai419@gmail.com,2026-03-24,21,male,Entertainment,02:35,15,00:26,00:23,4,4,4,5,02:40,08:48,3,3,00:46,2,1,1
amitjoshi@gmail.com,2026-03-24,25,male,Educational,00:53,6,00:40,00:05,5,3,2,4,01:54,08:27,1,2,00:08,1,3,0
arjunsingh9@gmail.com,2026-03-24,20,female,Educational,02:48,2,00:39,00:32,16,5,4,1,23:08,09:32,5,5,00:45,4,2,1
priyagupta393@gmail.com,2026-03-24,35,female,Motivational,01:02,7,00:18,00:18,5,1,1,3,01:39,07:02,3,1,00:07,1,4,0
arjunpatel@gmail.com,2026-03-24,55,female,Motivational,01:40,14,01:06,00:49,7,3,1,2,23:48,09:32,2,3,00:10,1,5,0
karansharma@gmail.com,2026-03-24,55,male,Emotional/Drama,02:36,10,00:22,00:06,20,1,5,4,22:58,09:08,3,3,00:31,4,2,1
priyashah768@gmail.com,2026-03-25,18,female,Educational/Entertainment,02:33,8,01:57,00:38,11,2,5,2,01:34,09:37,5,3,00:51,2,2,1
karangupta@gmail.com,2026-03-25,20,female,Educational,02:51,14,00:10,00:07,14,3,2,4,00:05,05:03,5,4,00:54,4,1,1
vikasshah871@gmail.com,2026-03-25,21,female,Educational/Entertainment,00:49,5,00:12,00:07,11,5,5,3,23:01,05:13,2,2,00:18,1,4,0
karanreddy6@gmail.com,2026-03-25,24,male,Educational/Entertainment,01:31,11,00:25,00:24,15,2,2,1,23:59,09:10,3,3,00:12,0,4,0
vikassharma@gmail.com,2026-03-25,30,male,Entertainment,02:57,6,00:27,00:09,8,4,2,3,22:42,05:21,5,3,00:42,3,2,1
anjalisolanki@gmail.com,2026-03-25,20,male,Educational,02:08,8,00:36,00:06,12,4,1,4,00:01,08:05,5,5,00:39,3,1,1
adityasharma1@gmail.com,2026-03-25,45,female,Mixed,02:32,13,01:29,00:54,17,3,2,3,00:58,06:47,4,4,00:49,2,2,1
anjalisolanki@gmail.com,2026-03-25,55,female,Mixed,02:17,11,01:00,01:00,14,4,2,3,02:29,09:30,4,4,00:53,2,1,1
karandesai@gmail.com,2026-03-25,30,male,Motivational,01:36,13,01:22,00:34,14,1,5,1,00:39,05:38,2,2,00:17,0,5,0
kavitashaikh993@gmail.com,2026-03-25,50,male,Mixed,01:21,12,00:44,00:41,11,1,4,1,22:37,06:53,3,3,00:07,1,4,0
nehashaikh@gmail.com,2026-03-25,40,male,Entertainment,01:22,10,00:22,00:13,5,1,2,5,00:43,09:59,1,1,00:07,0,4,0
anjalireddy@gmail.com,2026-03-25,19,female,Entertainment,02:57,15,02:22,01:53,20,5,3,5,00:23,06:02,3,3,00:57,3,2,1
anjalishah911@gmail.com,2026-03-25,35,female,Mixed,00:32,10,00:07,00:05,4,1,1,4,00:35,06:24,3,2,00:08,0,5,0
amitprasad@gmail.com,2026-03-25,23,male,Educational,00:21,7,00:11,00:07,23,2,3,4,22:01,05:56,3,3,00:19,0,3,0
poojajoshi@gmail.com,2026-03-25,22,female,Educational,01:41,12,00:40,00:25,23,5,1,5,23:45,09:49,1,3,00:17,0,4,0
arjunsingh@gmail.com,2026-03-25,22,female,Educational,02:01,8,01:00,00:28,7,2,1,3,00:06,09:33,5,4,00:36,4,1,1
priyasoni9@gmail.com,2026-03-25,55,female,Mixed,00:56,6,00:26,00:15,23,4,3,5,22:54,08:08,1,2,00:20,0,4,0
adityapatil@gmail.com,2026-03-25,35,male,Mixed,02:13,10,01:14,00:30,3,2,5,2,01:20,08:08,4,5,00:39,2,1,1
nehapatil@gmail.com,2026-03-25,30,female,Entertainment,00:51,5,00:34,00:25,15,3,3,2,02:04,07:58,3,2,00:08,0,3,0
snehasharma5@gmail.com,2026-03-25,25,female,Entertainment,01:01,3,00:41,00:10,10,4,1,1,00:43,06:20,1,2,00:11,0,4,0
vikassingh474@gmail.com,2026-03-25,45,female,Motivational,02:29,12,01:24,00:57,13,3,4,1,02:45,06:01,3,5,00:59,3,2,1
vikaspatel2@gmail.com,2026-03-25,20,male,Educational/Entertainment,00:21,3,00:06,00:06,13,2,3,1,02:29,09:21,2,1,00:23,1,3,0
anjalipatel9@gmail.com,2026-03-25,23,male,Educational,01:48,13,00:35,00:30,24,2,2,5,02:52,08:56,2,1,00:14,0,4,0
rahulprasad3@gmail.com,2026-03-25,45,female,Emotional/Drama,02:38,2,01:30,01:22,19,3,1,1,22:00,09:22,4,5,00:45,4,2,1
vikassingh@gmail.com,2026-03-25,19,male,Educational/Entertainment,01:03,15,00:44,00:17,21,3,5,4,23:42,08:59,1,3,00:05,1,5,0
vikasmehta965@gmail.com,2026-03-25,30,female,Motivational,01:09,2,00:57,00:39,9,3,2,4,01:26,07:11,3,3,00:23,1,4,0
amitgupta558@gmail.com,2026-03-25,24,male,Educational,02:01,10,01:47,01:10,25,2,3,5,23:44,07:32,5,3,00:40,4,1,1
tanvijoshi997@gmail.com,2026-03-25,25,female,Educational/Entertainment,01:37,10,00:30,00:19,15,3,1,3,23:49,06:29,1,1,00:18,0,3,0
anjaliprasad@gmail.com,2026-03-25,24,female,Educational/Entertainment,01:04,5,00:08,00:05,15,5,5,1,23:20,05:26,2,1,00:25,0,5,0
adityashah3@gmail.com,2026-03-25,23,male,Educational/Entertainment,02:10,5,00:25,00:10,5,5,5,5,01:40,09:36,5,5,00:48,2,1,1
karanshaikh@gmail.com,2026-03-25,25,male,Educational/Entertainment,02:07,9,00:36,00:29,19,4,3,5,22:11,07:12,5,4,00:36,3,1,1
priyagupta659@gmail.com,2026-03-25,50,male,Emotional/Drama,02:26,9,01:49,01:36,20,3,5,3,23:22,06:48,5,4,00:32,4,1,1
rohitpatel85@gmail.com,2026-03-25,18,male,Entertainment,02:39,5,02:05,01:03,14,4,4,4,02:27,06:38,3,5,00:43,4,1,1
karanpatel@gmail.com,2026-03-25,40,male,Entertainment,02:17,5,02:04,01:00,7,2,2,3,22:55,09:04,5,3,00:47,2,1,1
rahulsharma1@gmail.com,2026-03-25,23,male,Entertainment,01:31,7,01:20,00:24,22,2,1,5,00:09,08:25,1,2,00:17,1,4,0
kavitapatel9@gmail.com,2026-03-25,35,female,Mixed,01:41,9,00:33,00:06,24,1,2,3,00:11,08:15,2,3,00:10,0,3,0
priyagupta9@gmail.com,2026-03-25,23,male,Educational,02:17,3,02:06,01:03,22,3,1,1,01:08,08:41,4,5,00:46,4,1,1
adityagupta5@gmail.com,2026-03-25,21,female,Educational/Entertainment,02:11,11,00:53,00:14,16,3,2,5,02:31,08:44,3,5,00:36,3,2,1
vikasdesai@gmail.com,2026-03-25,50,female,Emotional/Drama,01:21,6,01:08,00:33,23,1,1,1,01:29,06:45,1,3,00:23,1,5,0
kavitadesai@gmail.com,2026-03-25,19,female,Educational,01:11,9,00:10,00:08,23,2,5,5,02:54,06:15,3,2,00:08,0,4,0
rahulsingh749@gmail.com,2026-03-25,22,male,Educational/Entertainment,02:42,2,01:40,01:03,16,2,3,2,00:11,06:06,3,5,00:48,4,1,1
nehasharma3@gmail.com,2026-03-25,50,male,Emotional/Drama,01:38,11,00:19,00:17,17,5,3,4,23:21,09:38,3,2,00:16,0,3,0
adityareddy369@gmail.com,2026-03-25,50,female,Motivational,01:28,11,00:41,00:24,6,3,2,3,23:35,05:10,2,2,00:08,0,4,0
priyapatel@gmail.com,2026-03-25,45,male,Motivational,01:55,11,00:34,00:28,13,2,2,5,00:01,09:16,1,2,00:16,1,4,0
karanshah@gmail.com,2026-03-25,22,male,Educational,01:48,11,00:53,00:09,9,2,4,1,23:04,05:00,2,3,00:13,0,5,0
tanvipatil4@gmail.com,2026-03-25,20,female,Educational,02:12,2,01:40,00:47,8,1,4,4,23:57,09:20,5,4,00:56,2,1,1
poojadesai6@gmail.com,2026-03-25,18,female,Educational/Entertainment,02:27,11,00:17,00:07,17,4,4,5,02:23,08:13,3,3,00:50,3,2,1
anjalireddy@gmail.com,2026-03-25,35,female,Motivational,01:56,7,01:01,00:28,19,3,3,2,02:59,05:41,1,2,00:05,1,5,0
nehapatel3@gmail.com,2026-03-25,20,female,Educational/Entertainment,02:50,6,00:27,00:24,23,1,2,5,02:02,05:10,3,3,00:54,4,2,1
karanshaikh@gmail.com,2026-03-25,55,female,Mixed,02:27,7,00:23,00:14,13,5,5,4,22:41,06:10,4,4,00:58,4,2,1
priyaprasad@gmail.com,2026-03-25,25,female,Educational/Entertainment,02:35,13,00:16,00:14,8,2,2,5,22:07,05:11,5,4,00:54,2,1,1
kavitareddy8@gmail.com,2026-03-25,22,female,Entertainment,00:40,5,00:21,00:12,15,3,5,2,22:54,09:04,3,2,00:13,0,3,0
tanvishah9@gmail.com,2026-03-25,22,male,Entertainment,02:46,7,01:13,00:40,24,5,4,2,00:03,06:40,3,3,00:31,3,1,1
anjalireddy718@gmail.com,2026-03-25,50,female,Motivational,02:29,15,00:15,00:13,6,4,2,1,02:48,06:50,3,4,00:51,2,2,1
vikasdesai1@gmail.com,2026-03-25,22,female,Educational,01:13,8,00:55,00:15,21,4,1,2,23:30,06:09,1,3,00:15,1,4,0
rohitsharma@gmail.com,2026-03-25,24,female,Educational,00:53,15,00:16,00:12,12,5,2,1,02:34,09:57,2,1,00:05,0,3,0
karanpatel@gmail.com,2026-03-25,45,female,Emotional/Drama,01:43,3,00:51,00:29,23,2,3,4,00:07,06:49,2,1,00:18,1,4,0
karanjoshi7@gmail.com,2026-03-25,23,male,Entertainment,01:45,12,00:44,00:15,21,3,3,4,02:14,09:09,3,2,00:23,0,3,0
karansharma@gmail.com,2026-03-25,55,male,Mixed,02:01,5,01:03,00:41,8,2,5,2,02:18,08:50,3,5,00:49,4,2,1
priyasingh4@gmail.com,2026-03-25,18,male,Educational,01:12,13,00:47,00:17,15,1,2,3,23:43,07:07,3,2,00:16,0,3,0
nehapatel4@gmail.com,2026-03-25,30,female,Motivational,01:44,2,01:28,00:08,10,2,1,2,23:32,07:33,2,1,00:16,0,4,0
anjalisoni146@gmail.com,2026-03-25,21,male,Entertainment,00:42,8,00:32,00:31,15,3,2,4,22:23,09:57,1,1,00:06,1,4,0
amitshah8@gmail.com,2026-03-25,23,male,Educational/Entertainment,02:36,15,00:27,00:07,17,5,3,2,01:58,07:57,5,5,00:58,2,1,1
anjalipatel4@gmail.com,2026-03-25,18,male,Entertainment,00:21,13,00:08,00:05,18,4,3,1,22:03,05:12,3,3,00:21,0,5,0
tanvisingh4@gmail.com,2026-03-25,24,female,Educational,01:49,15,01:10,00:14,20,1,4,4,01:48,06:15,2,2,00:20,1,5,0
vikasreddy@gmail.com,2026-03-25,24,male,Entertainment,00:40,2,00:14,00:08,10,3,2,1,01:58,09:04,2,1,00:11,1,3,0
nehagupta@gmail.com,2026-03-25,24,male,Educational,01:11,2,00:34,00:30,10,3,2,1,23:44,08:43,3,2,00:20,0,4,0
priyashaikh6@gmail.com,2026-03-25,30,female,Motivational,01:23,8,00:22,00:08,4,5,2,1,23:35,09:29,2,3,00:12,1,5,0
adityaprasad2@gmail.com,2026-03-25,19,male,Educational,02:09,6,00:12,00:07,6,3,1,1,00:32,09:19,4,4,00:38,2,2,1
rahulshaikh504@gmail.com,2026-03-25,30,female,Entertainment,01:19,12,00:55,00:37,23,4,4,1,23:54,07:45,2,1,00:19,1,5,0
rohitshah8@gmail.com,2026-03-25,50,male,Mixed,01:54,4,01:30,01:29,13,1,3,5,23:15,08:13,3,1,00:16,0,3,0
adityasoni843@gmail.com,2026-03-25,35,female,Entertainment,01:22,13,00:40,00:28,15,3,5,1,00:17,08:44,1,1,00:10,0,4,0
priyapatel510@gmail.com,2026-03-25,25,female,Entertainment,02:20,15,00:30,00:14,8,2,3,1,22:50,09:07,5,5,00:37,2,1,1
rahulmehta@gmail.com,2026-03-25,21,female,Entertainment,02:46,12,00:48,00:20,12,2,2,4,22:32,05:41,3,3,00:47,2,1,1
tanvisoni@gmail.com,2026-03-25,30,male,Motivational,01:45,8,00:35,00:08,24,5,5,5,01:43,05:36,2,2,00:24,0,4,0
arjunjoshi987@gmail.com,2026-03-25,19,female,Entertainment,02:13,2,01:54,00:25,16,2,5,4,23:38,06:19,3,3,00:56,2,1,1
amitdesai419@gmail.com,2026-03-25,21,male,Educational/Entertainment,01:33,2,01:11,01:04,8,4,3,5,00:01,07:50,3,2,00:07,1,5,0
amitjoshi@gmail.com,2026-03-25,25,male,Entertainment,01:21,4,00:19,00:12,11,4,4,1,00:31,09:47,2,2,00:15,0,5,0
arjunsingh9@gmail.com,2026-03-25,20,female,Entertainment,00:47,11,00:09,00:05,16,3,1,2,01:38,09:04,3,3,00:25,0,5,0
priyagupta393@gmail.com,2026-03-25,35,female,Entertainment,02:41,15,02:26,01:00,23,4,1,1,00:35,06:57,4,5,01:00,3,1,1
arjunpatel@gmail.com,2026-03-25,55,female,Emotional/Drama,01:28,6,00:33,00:11,19,4,3,4,00:31,07:16,1,2,00:25,0,4,0
karansharma@gmail.com,2026-03-25,55,male,Mixed,01:55,5,00:21,00:12,9,2,4,1,00:59,06:07,3,3,00:09,0,4,0
priyashah768@gmail.com,2026-03-26,18,female,Entertainment,01:34,6,00:40,00:39,9,5,4,1,22:20,08:19,2,3,00:23,0,3,0
karangupta@gmail.com,2026-03-26,20,female,Educational,00:30,5,00:12,00:06,20,2,5,4,00:44,08:11,3,3,00:10,1,5,0
vikasshah871@gmail.com,2026-03-26,21,female,Entertainment,01:09,2,00:10,00:10,4,5,1,2,02:25,09:23,3,3,00:09,0,5,0
karanreddy6@gmail.com,2026-03-26,24,male,Educational,01:58,13,00:16,00:14,5,3,1,3,22:39,06:45,2,2,00:15,1,5,0
vikassharma@gmail.com,2026-03-26,30,male,Entertainment,02:48,10,01:35,01:31,10,4,1,1,23:36,06:15,4,3,00:56,3,2,1
anjalisolanki@gmail.com,2026-03-26,20,male,Educational/Entertainment,01:06,12,00:17,00:08,4,2,2,5,02:04,08:01,1,2,00:14,0,4,0
adityasharma1@gmail.com,2026-03-26,45,female,Motivational,00:41,2,00:08,00:06,22,2,4,3,01:52,05:49,3,1,00:13,0,3,0
anjalisolanki@gmail.com,2026-03-26,55,female,Emotional/Drama,02:39,9,00:47,00:46,15,1,3,5,23:30,05:58,4,5,00:39,4,1,1
karandesai@gmail.com,2026-03-26,30,male,Entertainment,01:13,4,01:01,00:58,7,4,5,5,22:39,05:30,2,2,00:17,1,4,0
kavitashaikh993@gmail.com,2026-03-26,50,male,Emotional/Drama,00:48,8,00:37,00:09,3,3,4,5,23:45,05:13,1,2,00:17,1,4,0
nehashaikh@gmail.com,2026-03-26,40,male,Entertainment,02:36,6,01:15,00:46,17,5,4,3,22:24,08:45,5,4,00:48,2,1,1
anjalireddy@gmail.com,2026-03-26,19,female,Entertainment,02:37,7,02:26,00:28,8,2,5,2,00:59,08:49,5,5,00:59,2,1,1
anjalishah911@gmail.com,2026-03-26,35,female,Motivational,00:58,7,00:38,00:24,5,2,5,4,22:51,06:49,2,3,00:20,1,4,0
amitprasad@gmail.com,2026-03-26,23,male,Educational,02:58,5,02:28,02:13,19,5,4,2,23:23,07:54,3,3,01:00,4,1,1
poojajoshi@gmail.com,2026-03-26,22,female,Educational/Entertainment,01:16,14,00:44,00:10,8,3,1,4,01:30,06:54,2,1,00:17,1,5,0
arjunsingh@gmail.com,2026-03-26,22,female,Educational,02:44,11,00:45,00:11,16,1,5,5,00:51,05:10,5,4,00:59,4,2,1
priyasoni9@gmail.com,2026-03-26,55,female,Mixed,02:19,13,01:28,00:54,5,2,2,3,22:22,07:25,3,3,00:36,3,2,1
adityapatil@gmail.com,2026-03-26,35,male,Mixed,02:33,10,00:12,00:10,14,1,1,2,01:13,09:38,3,5,00:44,2,2,1
nehapatil@gmail.com,2026-03-26,30,female,Mixed,00:40,11,00:29,00:23,3,4,5,3,22:28,08:02,1,2,00:16,1,3,0
snehasharma5@gmail.com,2026-03-26,25,female,Educational,02:17,14,01:14,00:06,18,1,5,2,22:07,06:24,5,3,00:41,2,2,1
vikassingh474@gmail.com,2026-03-26,45,female,Emotional/Drama,01:45,15,00:15,00:07,13,4,3,5,02:16,06:50,2,1,00:13,1,4,0
vikaspatel2@gmail.com,2026-03-26,20,male,Educational,01:20,6,00:16,00:14,24,3,4,5,22:47,05:51,2,2,00:11,0,3,0
anjalipatel9@gmail.com,2026-03-26,23,male,Educational/Entertainment,00:30,8,00:13,00:11,21,3,5,5,00:57,08:04,3,3,00:24,1,3,0
rahulprasad3@gmail.com,2026-03-26,45,female,Motivational,00:57,12,00:11,00:09,17,3,4,5,22:39,09:40,3,3,00:18,0,4,0
vikassingh@gmail.com,2026-03-26,19,male,Entertainment,02:08,9,00:48,00:07,23,2,2,3,00:16,05:08,3,3,00:42,4,2,1
vikasmehta965@gmail.com,2026-03-26,30,female,Mixed,00:32,4,00:13,00:10,22,3,4,2,02:09,05:01,3,1,00:22,1,5,0
amitgupta558@gmail.com,2026-03-26,24,male,Entertainment,01:57,9,01:10,00:52,15,3,1,5,00:31,06:29,3,1,00:14,0,5,0
tanvijoshi997@gmail.com,2026-03-26,25,female,Educational/Entertainment,02:34,8,01:48,01:28,9,4,3,2,22:23,06:57,5,4,00:30,3,1,1
anjaliprasad@gmail.com,2026-03-26,24,female,Entertainment,02:59,5,01:30,00:31,11,3,3,1,00:00,06:56,5,4,00:50,2,1,1
adityashah3@gmail.com,2026-03-26,23,male,Entertainment,02:50,3,01:53,01:12,23,4,3,1,23:07,05:04,4,3,00:46,2,1,1
karanshaikh@gmail.com,2026-03-26,25,male,Entertainment,00:36,4,00:25,00:25,10,5,1,2,02:22,07:14,1,2,00:19,1,4,0
priyagupta659@gmail.com,2026-03-26,50,male,Mixed,00:31,10,00:10,00:09,18,5,2,1,23:48,09:38,2,3,00:10,0,3,0
rohitpatel85@gmail.com,2026-03-26,18,male,Educational,02:44,5,01:36,00:18,24,4,2,2,00:39,05:12,3,3,00:56,2,2,1
karanpatel@gmail.com,2026-03-26,40,male,Mixed,01:00,9,00:38,00:21,18,1,2,3,02:45,05:13,3,1,00:07,1,5,0
rahulsharma1@gmail.com,2026-03-26,23,male,Educational,01:57,10,01:34,00:06,20,3,2,5,01:31,08:35,1,3,00:19,0,3,0
kavitapatel9@gmail.com,2026-03-26,35,female,Entertainment,02:56,4,02:10,01:06,12,2,2,3,01:19,07:23,5,3,00:38,3,1,1
priyagupta9@gmail.com,2026-03-26,23,male,Educational/Entertainment,02:26,14,02:03,00:22,8,3,3,2,00:13,08:34,3,5,00:33,4,1,1
adityagupta5@gmail.com,2026-03-26,21,female,Educational/Entertainment,01:12,14,00:19,00:10,24,4,5,4,22:19,06:56,2,2,00:21,1,3,0
vikasdesai@gmail.com,2026-03-26,50,female,Emotional/Drama,02:17,7,01:32,00:42,17,3,4,1,23:57,06:47,3,3,00:48,3,2,1
kavitadesai@gmail.com,2026-03-26,19,female,Educational,00:28,14,00:05,00:05,5,3,2,2,23:47,08:00,2,1,00:08,0,5,0
rahulsingh749@gmail.com,2026-03-26,22,male,Entertainment,01:11,14,01:00,00:53,18,1,5,4,23:33,07:11,3,2,00:19,1,5,0
nehasharma3@gmail.com,2026-03-26,50,male,Motivational,00:53,15,00:21,00:06,11,3,4,1,22:54,09:46,1,1,00:24,1,5,0
adityareddy369@gmail.com,2026-03-26,50,female,Emotional/Drama,00:55,7,00:36,00:18,17,5,2,1,02:23,07:59,1,3,00:19,1,4,0
priyapatel@gmail.com,2026-03-26,45,male,Emotional/Drama,02:23,8,01:35,01:22,21,1,2,3,23:13,07:38,5,3,00:45,2,1,1
karanshah@gmail.com,2026-03-26,22,male,Educational/Entertainment,00:53,9,00:36,00:08,4,4,3,5,02:07,09:50,1,2,00:21,1,5,0
tanvipatil4@gmail.com,2026-03-26,20,female,Educational/Entertainment,00:30,15,00:07,00:07,8,5,5,4,23:24,07:55,1,2,00:05,1,5,0
poojadesai6@gmail.com,2026-03-26,18,female,Entertainment,00:55,14,00:14,00:07,19,5,1,2,02:21,05:04,2,2,00:10,1,3,0
anjalireddy@gmail.com,2026-03-26,35,female,Entertainment,00:36,9,00:17,00:17,25,4,4,4,22:46,07:45,3,2,00:11,0,5,0
nehapatel3@gmail.com,2026-03-26,20,female,Entertainment,02:37,13,01:01,00:45,6,4,1,5,22:26,08:15,5,3,00:57,2,1,1
karanshaikh@gmail.com,2026-03-26,55,female,Mixed,02:07,6,00:28,00:16,7,3,1,5,00:42,06:58,3,4,00:42,2,1,1
priyaprasad@gmail.com,2026-03-26,25,female,Entertainment,00:40,3,00:30,00:27,6,4,2,3,00:42,08:33,1,1,00:17,1,5,0
kavitareddy8@gmail.com,2026-03-26,22,female,Educational,02:59,6,02:13,00:53,5,2,4,5,02:47,07:08,3,4,00:50,3,2,1
tanvishah9@gmail.com,2026-03-26,22,male,Entertainment,02:50,11,01:39,00:21,18,2,3,4,23:35,08:49,3,4,00:38,4,1,1
anjalireddy718@gmail.com,2026-03-26,50,female,Emotional/Drama,00:36,3,00:19,00:18,21,3,1,5,22:55,07:07,2,3,00:22,0,4,0
vikasdesai1@gmail.com,2026-03-26,22,female,Entertainment,01:49,8,01:29,00:54,14,1,2,3,01:48,05:43,2,3,00:05,0,4,0
rohitsharma@gmail.com,2026-03-26,24,female,Entertainment,01:15,3,00:15,00:13,10,4,2,2,23:20,07:35,1,3,00:10,1,5,0
karanpatel@gmail.com,2026-03-26,45,female,Motivational,01:41,8,00:49,00:14,15,5,4,2,22:32,05:37,3,1,00:22,1,3,0
karanjoshi7@gmail.com,2026-03-26,23,male,Educational/Entertainment,02:31,11,00:18,00:17,5,5,1,4,00:26,06:22,3,4,00:48,3,2,1
karansharma@gmail.com,2026-03-26,55,male,Mixed,01:37,12,00:17,00:14,16,4,5,2,22:53,09:26,1,2,00:06,1,3,0
priyasingh4@gmail.com,2026-03-26,18,male,Entertainment,02:44,8,02:01,00:14,8,2,5,1,02:17,07:38,4,3,00:39,3,2,1
nehapatel4@gmail.com,2026-03-26,30,female,Mixed,01:11,15,00:34,00:11,11,5,4,2,02:53,05:52,2,1,00:24,1,3,0
anjalisoni146@gmail.com,2026-03-26,21,male,Entertainment,02:41,5,00:32,00:25,14,4,3,3,00:39,06:23,5,5,00:35,3,1,1
amitshah8@gmail.com,2026-03-26,23,male,Educational/Entertainment,01:49,7,00:46,00:29,21,2,3,3,23:39,05:01,1,3,00:11,1,3,0
anjalipatel4@gmail.com,2026-03-26,18,male,Educational,01:10,11,00:57,00:45,4,2,4,4,01:18,05:59,2,1,00:24,1,4,0
tanvisingh4@gmail.com,2026-03-26,24,female,Educational,01:48,2,01:01,00:51,13,2,4,1,01:13,09:17,1,3,00:18,0,5,0
vikasreddy@gmail.com,2026-03-26,24,male,Educational,02:13,12,02:02,00:32,14,1,1,4,00:53,08:19,3,5,00:50,4,1,1
nehagupta@gmail.com,2026-03-26,24,male,Educational,00:35,13,00:22,00:19,11,5,3,2,22:44,09:34,2,1,00:07,1,5,0
priyashaikh6@gmail.com,2026-03-26,30,female,Mixed,00:53,6,00:18,00:07,8,1,4,2,00:49,09:15,2,3,00:10,1,4,0
adityaprasad2@gmail.com,2026-03-26,19,male,Entertainment,01:04,11,00:24,00:14,18,3,1,3,02:31,09:34,3,2,00:14,0,4,0
rahulshaikh504@gmail.com,2026-03-26,30,female,Motivational,00:51,3,00:23,00:08,4,4,1,5,00:05,09:28,1,1,00:13,1,4,0
rohitshah8@gmail.com,2026-03-26,50,male,Emotional/Drama,02:43,5,00:58,00:17,8,4,5,5,02:19,07:58,3,4,00:31,3,2,1
adityasoni843@gmail.com,2026-03-26,35,female,Mixed,01:28,5,01:07,00:30,21,5,4,4,00:05,09:10,1,1,00:18,1,5,0
priyapatel510@gmail.com,2026-03-26,25,female,Entertainment,00:27,10,00:13,00:08,15,2,4,4,23:59,05:38,2,1,00:08,0,3,0
rahulmehta@gmail.com,2026-03-26,21,female,Educational/Entertainment,02:46,10,01:55,00:49,14,3,1,2,01:55,07:02,5,4,00:42,4,2,1
tanvisoni@gmail.com,2026-03-26,30,male,Motivational,01:18,14,00:13,00:12,17,4,3,3,02:18,05:39,1,1,00:11,1,4,0
arjunjoshi987@gmail.com,2026-03-26,19,female,Educational,00:54,13,00:18,00:13,19,1,2,2,23:42,09:13,2,2,00:19,1,3,0
amitdesai419@gmail.com,2026-03-26,21,male,Entertainment,01:22,3,00:17,00:10,23,4,1,2,22:07,07:33,3,1,00:18,0,5,0
amitjoshi@gmail.com,2026-03-26,25,male,Educational/Entertainment,00:45,14,00:15,00:10,12,1,4,4,00:14,05:48,1,3,00:22,1,5,0
arjunsingh9@gmail.com,2026-03-26,20,female,Educational,01:54,4,00:46,00:37,17,3,4,5,22:17,09:47,2,2,00:06,1,4,0
priyagupta393@gmail.com,2026-03-26,35,female,Mixed,02:27,12,01:07,01:06,24,3,1,1,22:38,05:24,4,3,00:55,4,1,1
arjunpatel@gmail.com,2026-03-26,55,female,Emotional/Drama,00:29,9,00:17,00:13,17,5,4,4,23:51,06:34,3,2,00:18,1,4,0
karansharma@gmail.com,2026-03-26,55,male,Emotional/Drama,02:42,12,00:47,00:07,4,4,1,5,00:44,09:12,4,4,01:00,2,1,1
priyashah768@gmail.com,2026-03-27,18,female,Educational,02:05,10,00:11,00:10,20,3,4,2,23:19,07:02,3,5,00:48,3,2,1
karangupta@gmail.com,2026-03-27,20,female,Educational,02:45,9,01:32,00:36,25,2,4,2,02:06,09:32,3,4,00:53,2,2,1
vikasshah871@gmail.com,2026-03-27,21,female,Educational/Entertainment,00:46,8,00:22,00:06,13,2,1,3,01:55,07:51,1,3,00:08,0,3,0
karanreddy6@gmail.com,2026-03-27,24,male,Entertainment,02:20,6,00:12,00:10,19,4,4,3,02:34,05:30,3,4,00:36,4,1,1
vikassharma@gmail.com,2026-03-27,30,male,Mixed,01:35,4,01:23,00:18,7,3,4,1,02:30,06:43,3,2,00:09,1,4,0
anjalisolanki@gmail.com,2026-03-27,20,male,Entertainment,00:58,12,00:31,00:09,11,2,5,2,00:16,09:07,2,2,00:12,0,4,0
adityasharma1@gmail.com,2026-03-27,45,female,Mixed,01:57,8,00:55,00:47,24,3,3,4,00:55,08:44,1,3,00:16,0,3,1
anjalisolanki@gmail.com,2026-03-27,55,female,Motivational,00:49,9,00:36,00:05,21,5,1,3,02:04,07:29,3,1,00:25,0,3,0
karandesai@gmail.com,2026-03-27,30,male,Motivational,01:31,5,00:45,00:18,16,4,2,5,22:44,06:55,1,2,00:22,0,4,0
kavitashaikh993@gmail.com,2026-03-27,50,male,Emotional/Drama,01:42,14,01:21,01:02,11,5,5,4,22:37,08:51,2,1,00:20,0,5,1
nehashaikh@gmail.com,2026-03-27,40,male,Motivational,01:17,7,00:41,00:12,7,3,2,2,02:21,07:05,1,2,00:19,0,4,0
anjalireddy@gmail.com,2026-03-27,19,female,Entertainment,02:43,5,01:46,01:09,16,5,4,2,22:30,05:28,5,4,00:38,4,1,1
anjalishah911@gmail.com,2026-03-27,35,female,Mixed,02:46,5,00:57,00:18,13,3,4,5,00:05,07:05,5,3,00:47,2,1,1
amitprasad@gmail.com,2026-03-27,23,male,Educational,00:58,3,00:35,00:28,22,2,2,4,01:17,05:17,2,1,00:23,0,3,0
poojajoshi@gmail.com,2026-03-27,22,female,Entertainment,00:26,13,00:08,00:07,7,3,1,4,22:16,06:04,1,2,00:16,0,3,0
arjunsingh@gmail.com,2026-03-27,22,female,Entertainment,02:10,11,00:12,00:05,16,2,5,3,00:06,05:16,5,3,00:57,2,2,1
priyasoni9@gmail.com,2026-03-27,55,female,Emotional/Drama,01:41,15,00:11,00:08,14,3,5,2,01:15,08:42,2,3,00:18,0,4,0
adityapatil@gmail.com,2026-03-27,35,male,Motivational,02:18,7,00:58,00:27,8,2,3,4,00:56,09:37,3,4,00:33,4,2,1
nehapatil@gmail.com,2026-03-27,30,female,Entertainment,00:20,7,00:06,00:06,10,5,1,3,01:11,07:00,1,3,00:14,0,3,0
snehasharma5@gmail.com,2026-03-27,25,female,Educational/Entertainment,00:59,8,00:11,00:07,24,2,3,3,02:07,06:24,2,3,00:08,0,3,1
vikassingh474@gmail.com,2026-03-27,45,female,Motivational,01:11,6,00:23,00:19,25,3,2,4,00:26,05:33,2,3,00:23,0,5,0
vikaspatel2@gmail.com,2026-03-27,20,male,Educational/Entertainment,00:29,13,00:19,00:10,6,1,5,1,02:05,06:26,2,3,00:17,1,4,0
anjalipatel9@gmail.com,2026-03-27,23,male,Educational/Entertainment,00:26,2,00:08,00:05,16,1,4,2,01:51,09:13,3,2,00:25,1,4,0
rahulprasad3@gmail.com,2026-03-27,45,female,Motivational,01:38,4,00:15,00:11,12,5,1,4,00:01,06:50,2,3,00:13,1,5,0
vikassingh@gmail.com,2026-03-27,19,male,Educational,02:07,13,01:53,01:22,18,3,1,3,01:28,09:09,5,5,00:33,3,2,1
vikasmehta965@gmail.com,2026-03-27,30,female,Entertainment,02:35,8,02:06,01:26,20,2,1,1,00:36,09:09,3,5,00:57,4,2,0
amitgupta558@gmail.com,2026-03-27,24,male,Educational,01:36,3,00:20,00:13,25,1,4,5,01:32,05:56,3,3,00:10,0,4,0
tanvijoshi997@gmail.com,2026-03-27,25,female,Educational/Entertainment,01:37,7,00:46,00:38,3,2,4,5,23:11,08:42,2,3,00:25,1,5,1
anjaliprasad@gmail.com,2026-03-27,24,female,Educational/Entertainment,00:52,5,00:16,00:15,6,4,5,1,22:31,05:52,1,1,00:16,0,4,1
adityashah3@gmail.com,2026-03-27,23,male,Entertainment,00:27,2,00:11,00:09,22,4,4,1,02:23,06:53,2,3,00:05,0,3,0
karanshaikh@gmail.com,2026-03-27,25,male,Entertainment,01:07,13,00:57,00:05,9,2,1,1,00:42,05:49,2,3,00:25,1,5,0
priyagupta659@gmail.com,2026-03-27,50,male,Emotional/Drama,01:06,6,00:44,00:41,8,1,4,4,00:40,08:23,3,1,00:09,1,3,0
rohitpatel85@gmail.com,2026-03-27,18,male,Entertainment,01:02,15,00:39,00:11,11,3,4,2,00:26,05:32,3,1,00:22,1,4,0
karanpatel@gmail.com,2026-03-27,40,male,Motivational,02:44,14,00:05,00:05,14,3,5,4,23:47,09:53,3,5,00:34,2,1,1
rahulsharma1@gmail.com,2026-03-27,23,male,Educational/Entertainment,01:35,6,01:18,00:47,9,2,4,3,23:10,09:42,1,1,00:11,1,5,0
kavitapatel9@gmail.com,2026-03-27,35,female,Entertainment,01:08,10,00:48,00:35,19,1,2,5,02:50,08:02,2,1,00:12,0,3,0
priyagupta9@gmail.com,2026-03-27,23,male,Entertainment,01:59,5,00:09,00:08,18,3,3,5,02:48,09:00,2,2,00:14,1,3,0
adityagupta5@gmail.com,2026-03-27,21,female,Educational/Entertainment,03:00,15,01:48,00:47,4,3,5,4,01:17,09:07,4,5,00:35,2,2,1
vikasdesai@gmail.com,2026-03-27,50,female,Motivational,00:47,4,00:25,00:13,23,3,5,5,00:25,05:11,1,3,00:15,1,4,0
kavitadesai@gmail.com,2026-03-27,19,female,Entertainment,02:04,12,00:25,00:07,8,1,2,1,22:01,06:36,4,4,00:46,3,1,1
rahulsingh749@gmail.com,2026-03-27,22,male,Educational/Entertainment,01:22,2,00:08,00:05,8,2,3,4,00:59,05:58,2,3,00:13,1,4,0
nehasharma3@gmail.com,2026-03-27,50,male,Mixed,01:55,10,00:38,00:25,25,5,5,1,02:22,09:13,3,2,00:12,0,4,0
adityareddy369@gmail.com,2026-03-27,50,female,Motivational,02:33,5,02:04,01:55,7,4,1,4,02:23,08:22,5,4,00:30,4,2,1
priyapatel@gmail.com,2026-03-27,45,male,Motivational,01:03,14,00:08,00:06,5,4,5,4,22:52,07:11,3,2,00:05,0,5,0
karanshah@gmail.com,2026-03-27,22,male,Educational/Entertainment,02:05,15,01:33,00:13,22,2,4,2,22:42,07:14,3,5,00:58,3,2,1
tanvipatil4@gmail.com,2026-03-27,20,female,Educational/Entertainment,00:50,11,00:22,00:21,3,1,4,2,23:02,09:59,3,1,00:13,0,5,0
poojadesai6@gmail.com,2026-03-27,18,female,Educational/Entertainment,01:00,15,00:22,00:20,14,1,5,4,01:13,05:45,2,3,00:25,1,4,0
anjalireddy@gmail.com,2026-03-27,35,female,Motivational,01:00,3,00:20,00:12,22,1,3,2,00:24,07:28,3,3,00:21,1,3,0
nehapatel3@gmail.com,2026-03-27,20,female,Educational,01:22,11,00:15,00:11,18,3,3,3,00:12,06:07,2,2,00:09,0,5,0
karanshaikh@gmail.com,2026-03-27,55,female,Motivational,01:46,9,01:05,00:57,12,2,5,4,23:32,07:59,1,1,00:08,0,3,0
priyaprasad@gmail.com,2026-03-27,25,female,Entertainment,00:32,9,00:17,00:11,24,5,5,4,22:55,05:57,2,3,00:24,1,3,0
kavitareddy8@gmail.com,2026-03-27,22,female,Educational/Entertainment,00:23,3,00:12,00:09,7,1,5,1,02:06,07:57,3,1,00:08,0,4,0
tanvishah9@gmail.com,2026-03-27,22,male,Educational,00:29,3,00:07,00:06,7,1,1,5,23:12,06:22,3,2,00:25,1,3,0
anjalireddy718@gmail.com,2026-03-27,50,female,Mixed,01:37,5,00:10,00:09,23,1,5,4,22:25,09:05,2,1,00:21,1,4,0
vikasdesai1@gmail.com,2026-03-27,22,female,Educational/Entertainment,01:01,11,00:50,00:46,24,1,2,2,02:14,09:57,3,3,00:14,1,3,0
rohitsharma@gmail.com,2026-03-27,24,female,Educational,01:11,12,00:05,00:05,16,2,2,5,22:31,08:56,3,2,00:23,1,5,0
karanpatel@gmail.com,2026-03-27,45,female,Emotional/Drama,01:59,14,01:34,00:41,5,3,1,5,01:42,09:27,1,1,00:21,1,5,0
karanjoshi7@gmail.com,2026-03-27,23,male,Educational/Entertainment,02:23,14,00:41,00:40,4,5,4,4,02:32,09:48,4,3,00:30,2,2,1
karansharma@gmail.com,2026-03-27,55,male,Mixed,01:57,11,00:09,00:06,5,5,5,5,00:20,09:22,2,2,00:19,0,5,0
priyasingh4@gmail.com,2026-03-27,18,male,Entertainment,00:57,7,00:10,00:08,17,3,4,5,00:20,05:24,2,1,00:20,0,3,0
nehapatel4@gmail.com,2026-03-27,30,female,Entertainment,00:49,12,00:05,00:05,3,4,3,2,01:17,09:38,3,3,00:19,1,4,0
anjalisoni146@gmail.com,2026-03-27,21,male,Educational/Entertainment,01:38,9,00:59,00:46,18,3,1,4,00:55,08:00,3,1,00:15,0,5,0
amitshah8@gmail.com,2026-03-27,23,male,Entertainment,00:26,10,00:13,00:12,12,1,2,2,23:12,07:15,2,3,00:07,0,4,0
anjalipatel4@gmail.com,2026-03-27,18,male,Entertainment,00:57,7,00:22,00:19,6,4,4,4,22:14,07:20,1,2,00:15,1,4,0
tanvisingh4@gmail.com,2026-03-27,24,female,Entertainment,00:34,4,00:18,00:06,6,3,1,5,22:49,07:22,3,3,00:21,1,4,0
vikasreddy@gmail.com,2026-03-27,24,male,Educational/Entertainment,02:44,6,02:08,01:53,22,2,3,1,23:55,07:33,3,5,00:45,4,1,1
nehagupta@gmail.com,2026-03-27,24,male,Educational/Entertainment,00:22,10,00:09,00:05,10,4,3,1,22:34,07:27,1,2,00:19,1,5,0
priyashaikh6@gmail.com,2026-03-27,30,female,Motivational,01:52,9,00:08,00:07,9,5,1,4,23:22,08:24,3,1,00:24,1,3,0
adityaprasad2@gmail.com,2026-03-27,19,male,Educational,00:57,13,00:37,00:19,16,1,1,4,00:03,07:39,1,3,00:12,0,5,0
rahulshaikh504@gmail.com,2026-03-27,30,female,Entertainment,02:49,14,01:22,00:21,20,1,3,2,02:36,09:50,5,3,00:30,3,2,1
rohitshah8@gmail.com,2026-03-27,50,male,Motivational,01:46,12,01:25,01:16,12,2,3,1,23:04,07:57,2,3,00:13,1,4,0
adityasoni843@gmail.com,2026-03-27,35,female,Entertainment,01:41,12,01:11,00:30,4,2,5,2,22:49,07:55,2,1,00:18,1,4,0
priyapatel510@gmail.com,2026-03-27,25,female,Educational,02:58,10,00:52,00:47,25,5,4,5,00:07,07:55,3,5,00:54,4,1,1
rahulmehta@gmail.com,2026-03-27,21,female,Educational/Entertainment,01:57,6,00:13,00:11,12,3,5,2,00:50,07:01,2,3,00:10,0,4,0
tanvisoni@gmail.com,2026-03-27,30,male,Entertainment,01:25,6,00:16,00:11,23,2,5,5,22:24,06:03,3,2,00:06,0,3,0
arjunjoshi987@gmail.com,2026-03-27,19,female,Educational/Entertainment,02:18,5,01:13,00:22,10,2,3,5,01:43,09:54,4,4,00:40,4,2,1
amitdesai419@gmail.com,2026-03-27,21,male,Educational/Entertainment,00:25,12,00:14,00:08,20,3,2,5,23:16,06:35,3,2,00:11,0,5,0
amitjoshi@gmail.com,2026-03-27,25,male,Educational,02:06,4,01:45,00:39,18,3,2,1,23:54,07:25,4,5,00:40,4,2,1
arjunsingh9@gmail.com,2026-03-27,20,female,Educational,01:49,5,00:13,00:13,6,4,2,4,00:36,06:47,1,1,00:14,1,4,0
priyagupta393@gmail.com,2026-03-27,35,female,Entertainment,01:55,8,00:06,00:05,4,4,4,3,00:38,06:14,3,2,00:12,1,4,0
arjunpatel@gmail.com,2026-03-27,55,female,Motivational,01:34,5,00:41,00:28,24,5,4,4,01:49,08:07,3,3,00:19,1,5,0
karansharma@gmail.com,2026-03-27,55,male,Emotional/Drama,00:52,14,00:13,00:05,22,4,4,2,22:10,07:12,2,3,00:11,1,3,0
priyashah768@gmail.com,2026-03-28,18,female,Entertainment,01:53,3,01:16,00:39,15,5,5,1,02:12,05:48,3,1,00:07,1,5,0
karangupta@gmail.com,2026-03-28,20,female,Entertainment,02:47,5,00:36,00:36,21,3,4,3,02:19,08:54,3,5,00:54,4,1,1
vikasshah871@gmail.com,2026-03-28,21,female,Educational/Entertainment,01:29,13,00:19,00:14,4,2,1,4,01:06,09:40,3,2,00:21,1,4,0
karanreddy6@gmail.com,2026-03-28,24,male,Entertainment,01:35,14,00:32,00:07,24,2,2,2,01:47,06:42,2,1,00:22,1,3,0
vikassharma@gmail.com,2026-03-28,30,male,Motivational,02:12,2,01:37,00:31,25,4,1,4,01:23,06:40,4,5,00:37,4,1,1
anjalisolanki@gmail.com,2026-03-28,20,male,Educational,02:26,10,01:48,01:40,15,2,4,4,02:53,05:10,5,4,00:53,3,1,1
adityasharma1@gmail.com,2026-03-28,45,female,Emotional/Drama,01:36,12,01:04,00:05,9,5,2,5,02:33,07:09,2,2,00:22,0,5,0
anjalisolanki@gmail.com,2026-03-28,55,female,Emotional/Drama,00:43,13,00:12,00:12,9,1,1,4,00:33,09:21,3,1,00:17,0,4,0
karandesai@gmail.com,2026-03-28,30,male,Mixed,00:40,13,00:11,00:11,16,5,4,2,00:42,06:52,2,3,00:10,1,5,0
kavitashaikh993@gmail.com,2026-03-28,50,male,Mixed,01:06,14,00:25,00:06,14,4,5,1,23:37,08:17,1,2,00:24,0,4,0
nehashaikh@gmail.com,2026-03-28,40,male,Motivational,02:48,11,00:42,00:19,11,5,3,1,22:48,08:10,4,5,00:56,2,2,1
anjalireddy@gmail.com,2026-03-28,19,female,Educational/Entertainment,00:53,2,00:27,00:09,7,5,1,3,00:24,07:25,3,2,00:14,1,4,0
anjalishah911@gmail.com,2026-03-28,35,female,Entertainment,01:18,2,00:51,00:12,5,1,4,4,01:32,07:15,1,3,00:25,0,3,0
amitprasad@gmail.com,2026-03-28,23,male,Educational/Entertainment,00:24,13,00:09,00:07,6,4,4,4,02:55,07:30,3,3,00:07,0,3,0
poojajoshi@gmail.com,2026-03-28,22,female,Educational,00:27,15,00:11,00:07,9,2,4,2,00:00,05:21,1,1,00:17,0,3,0
arjunsingh@gmail.com,2026-03-28,22,female,Entertainment,01:38,2,00:43,00:10,12,2,5,3,01:24,08:30,1,1,00:12,0,3,0
priyasoni9@gmail.com,2026-03-28,55,female,Motivational,01:00,9,00:07,00:07,23,5,2,2,00:42,08:13,3,1,00:16,1,4,0
adityapatil@gmail.com,2026-03-28,35,male,Entertainment,01:51,10,00:34,00:31,5,5,3,1,01:06,08:45,3,2,00:19,1,4,0
nehapatil@gmail.com,2026-03-28,30,female,Motivational,03:00,6,02:36,01:32,15,5,4,1,00:56,05:24,5,4,00:40,4,1,1
snehasharma5@gmail.com,2026-03-28,25,female,Educational,02:32,5,01:25,01:06,23,3,4,4,02:52,07:14,4,4,00:55,4,2,1
vikassingh474@gmail.com,2026-03-28,45,female,Mixed,02:25,3,00:06,00:05,19,2,5,4,22:30,07:30,5,5,00:31,2,1,1
vikaspatel2@gmail.com,2026-03-28,20,male,Educational/Entertainment,01:57,7,01:43,01:09,13,4,1,4,02:30,06:20,3,2,00:13,1,4,0
anjalipatel9@gmail.com,2026-03-28,23,male,Educational,01:06,9,00:12,00:11,6,4,3,1,01:14,06:48,3,1,00:10,0,4,0
rahulprasad3@gmail.com,2026-03-28,45,female,Mixed,02:09,12,01:22,00:32,3,5,1,1,01:41,08:34,5,5,00:48,3,1,1
vikassingh@gmail.com,2026-03-28,19,male,Educational,02:25,13,02:14,01:10,10,2,1,3,00:00,05:10,3,3,00:54,2,2,1
vikasmehta965@gmail.com,2026-03-28,30,female,Mixed,02:47,10,00:50,00:22,21,5,4,2,02:30,06:57,4,3,00:58,3,1,1
amitgupta558@gmail.com,2026-03-28,24,male,Educational,02:04,8,01:45,00:22,4,2,2,5,22:58,06:55,5,5,00:41,4,2,1
tanvijoshi997@gmail.com,2026-03-28,25,female,Educational/Entertainment,02:15,15,01:49,00:24,18,2,1,5,02:52,06:05,3,3,00:55,4,2,1
anjaliprasad@gmail.com,2026-03-28,24,female,Entertainment,02:17,13,00:21,00:11,4,3,1,2,22:45,07:57,4,3,00:45,2,1,1
adityashah3@gmail.com,2026-03-28,23,male,Educational,01:48,4,00:43,00:23,11,5,4,1,23:48,06:07,1,3,00:22,1,3,0
karanshaikh@gmail.com,2026-03-28,25,male,Entertainment,00:37,9,00:12,00:07,25,4,2,1,02:24,06:00,2,3,00:19,1,3,0
priyagupta659@gmail.com,2026-03-28,50,male,Mixed,01:50,12,01:26,00:08,5,4,4,1,23:53,07:11,3,3,00:10,1,5,0
rohitpatel85@gmail.com,2026-03-28,18,male,Entertainment,02:59,11,02:43,00:56,14,3,5,2,01:56,09:57,5,4,00:39,3,2,1
karanpatel@gmail.com,2026-03-28,40,male,Motivational,01:21,3,00:30,00:14,8,1,2,5,01:56,05:09,2,3,00:15,0,5,0
rahulsharma1@gmail.com,2026-03-28,23,male,Educational,00:31,8,00:08,00:08,5,2,5,2,23:55,06:22,3,2,00:25,0,5,0
kavitapatel9@gmail.com,2026-03-28,35,female,Mixed,01:07,12,00:32,00:24,24,3,5,5,23:47,05:00,3,3,00:15,0,5,0
priyagupta9@gmail.com,2026-03-28,23,male,Educational,02:47,2,02:04,01:19,21,5,1,1,23:55,08:01,3,3,00:53,2,1,1
adityagupta5@gmail.com,2026-03-28,21,female,Educational/Entertainment,01:25,11,00:29,00:13,12,4,1,4,02:16,07:33,2,2,00:06,0,3,0
vikasdesai@gmail.com,2026-03-28,50,female,Emotional/Drama,01:48,8,01:12,00:55,18,4,1,2,02:53,05:26,3,3,00:05,1,3,0
kavitadesai@gmail.com,2026-03-28,19,female,Educational/Entertainment,00:31,11,00:05,00:05,7,3,3,3,00:53,09:07,3,3,00:10,0,5,0
rahulsingh749@gmail.com,2026-03-28,22,male,Entertainment,01:05,12,00:09,00:05,5,5,2,1,22:25,07:09,3,2,00:13,0,3,0
nehasharma3@gmail.com,2026-03-28,50,male,Mixed,01:22,4,00:57,00:13,5,2,1,3,23:09,09:12,2,1,00:19,0,3,0
adityareddy369@gmail.com,2026-03-28,50,female,Mixed,00:58,9,00:22,00:07,23,3,2,5,22:43,09:25,2,3,00:16,0,5,0
priyapatel@gmail.com,2026-03-28,45,male,Emotional/Drama,00:54,9,00:32,00:10,21,5,5,2,23:45,06:00,3,3,00:25,0,3,0
karanshah@gmail.com,2026-03-28,22,male,Educational/Entertainment,00:41,3,00:26,00:25,11,4,3,2,01:41,07:58,3,1,00:09,0,4,1
tanvipatil4@gmail.com,2026-03-28,20,female,Educational/Entertainment,02:04,6,00:23,00:12,17,2,1,1,02:35,08:36,3,3,00:53,3,2,1
poojadesai6@gmail.com,2026-03-28,18,female,Educational/Entertainment,01:38,12,00:26,00:05,20,2,3,2,00:25,09:23,1,3,00:23,0,4,0
anjalireddy@gmail.com,2026-03-28,35,female,Entertainment,02:44,15,01:44,00:54,14,2,3,4,00:35,09:29,3,4,00:46,2,2,0
nehapatel3@gmail.com,2026-03-28,20,female,Educational,01:29,6,00:54,00:39,11,3,2,5,23:36,05:49,1,2,00:05,0,5,0
karanshaikh@gmail.com,2026-03-28,55,female,Mixed,00:36,14,00:11,00:11,7,5,2,1,22:06,08:26,1,1,00:05,0,5,0
priyaprasad@gmail.com,2026-03-28,25,female,Educational/Entertainment,00:24,15,00:12,00:11,16,3,5,3,02:42,09:20,3,3,00:06,1,3,0
kavitareddy8@gmail.com,2026-03-28,22,female,Educational/Entertainment,00:55,12,00:35,00:15,16,4,4,3,01:39,08:22,2,1,00:25,1,3,0
tanvishah9@gmail.com,2026-03-28,22,male,Educational,02:24,2,01:38,00:20,22,5,3,5,01:00,05:11,3,4,00:42,4,2,1
anjalireddy718@gmail.com,2026-03-28,50,female,Emotional/Drama,01:11,8,00:13,00:06,9,2,4,5,22:07,09:23,2,2,00:18,1,3,1
vikasdesai1@gmail.com,2026-03-28,22,female,Educational,01:59,12,00:13,00:06,11,4,5,3,22:59,09:04,2,3,00:13,0,4,0
rohitsharma@gmail.com,2026-03-28,24,female,Educational,01:18,9,00:56,00:45,23,2,5,4,02:04,09:39,1,3,00:24,0,5,0
karanpatel@gmail.com,2026-03-28,45,female,Motivational,01:11,5,00:34,00:33,18,3,4,3,23:18,05:41,1,2,00:11,0,3,0
karanjoshi7@gmail.com,2026-03-28,23,male,Educational,01:06,9,00:51,00:06,18,4,3,1,00:18,07:25,1,1,00:25,0,3,0
karansharma@gmail.com,2026-03-28,55,male,Mixed,02:46,9,02:10,02:01,13,5,5,1,23:38,08:46,3,5,00:37,4,1,1
priyasingh4@gmail.com,2026-03-28,18,male,Entertainment,02:01,4,01:12,00:50,21,4,2,4,22:33,07:27,5,5,00:43,3,2,1
nehapatel4@gmail.com,2026-03-28,30,female,Mixed,01:58,3,00:21,00:21,5,4,4,3,23:36,08:01,1,2,00:13,0,3,0
anjalisoni146@gmail.com,2026-03-28,21,male,Educational,01:10,15,00:47,00:46,21,1,4,2,22:06,05:10,3,2,00:05,0,5,0
amitshah8@gmail.com,2026-03-28,23,male,Educational,00:54,4,00:34,00:28,23,2,3,2,02:03,06:21,1,3,00:24,1,5,0
anjalipatel4@gmail.com,2026-03-28,18,male,Entertainment,00:35,12,00:18,00:07,7,3,3,5,00:18,07:59,3,1,00:14,0,4,0
tanvisingh4@gmail.com,2026-03-28,24,female,Educational,00:59,5,00:33,00:26,14,2,2,5,23:29,06:43,1,1,00:18,1,5,0
vikasreddy@gmail.com,2026-03-28,24,male,Entertainment,00:47,15,00:16,00:13,5,1,2,4,02:49,06:19,1,1,00:09,1,4,1
nehagupta@gmail.com,2026-03-28,24,male,Entertainment,00:30,2,00:06,00:05,6,1,2,5,23:18,09:09,2,3,00:09,0,4,0
priyashaikh6@gmail.com,2026-03-28,30,female,Motivational,01:51,7,00:18,00:07,20,3,2,3,00:46,08:40,2,1,00:19,1,4,0
adityaprasad2@gmail.com,2026-03-28,19,male,Educational/Entertainment,00:27,9,00:13,00:06,8,3,3,3,23:48,09:24,3,2,00:15,0,3,0
rahulshaikh504@gmail.com,2026-03-28,30,female,Motivational,01:11,5,01:01,00:22,10,4,5,3,00:38,05:43,1,1,00:13,0,3,1
rohitshah8@gmail.com,2026-03-28,50,male,Emotional/Drama,02:32,9,00:13,00:11,13,2,4,5,01:46,05:56,3,3,00:50,2,2,1
adityasoni843@gmail.com,2026-03-28,35,female,Mixed,00:58,14,00:34,00:10,18,1,2,1,01:22,06:22,3,3,00:20,0,4,1
priyapatel510@gmail.com,2026-03-28,25,female,Educational,02:13,3,01:58,00:22,19,5,4,2,22:10,09:15,4,3,00:44,4,1,1
rahulmehta@gmail.com,2026-03-28,21,female,Educational,02:41,10,02:18,01:49,23,4,1,3,00:40,09:58,4,3,00:42,4,2,1
tanvisoni@gmail.com,2026-03-28,30,male,Motivational,02:41,9,00:17,00:15,11,3,3,4,00:48,07:29,3,5,00:38,2,1,1
arjunjoshi987@gmail.com,2026-03-28,19,female,Entertainment,01:55,12,00:22,00:20,16,1,1,2,23:01,05:56,1,2,00:17,1,4,0
amitdesai419@gmail.com,2026-03-28,21,male,Educational,00:44,12,00:34,00:11,9,5,2,5,01:42,08:46,2,1,00:24,1,5,1
amitjoshi@gmail.com,2026-03-28,25,male,Entertainment,02:38,11,01:39,00:52,11,5,3,5,01:47,09:10,5,3,00:47,2,2,1
arjunsingh9@gmail.com,2026-03-28,20,female,Educational/Entertainment,02:38,9,01:40,01:17,5,1,4,2,23:42,06:38,5,4,00:50,2,1,1
priyagupta393@gmail.com,2026-03-28,35,female,Mixed,00:30,10,00:19,00:06,11,4,5,5,01:33,07:22,3,3,00:13,1,4,0
arjunpatel@gmail.com,2026-03-28,55,female,Motivational,00:32,6,00:16,00:13,13,5,3,4,23:25,05:10,2,1,00:06,0,5,1
karansharma@gmail.com,2026-03-28,55,male,Mixed,02:49,15,00:27,00:07,6,3,3,2,02:14,08:35,4,3,01:00,3,1,1
